game_id,season,week,site,kickoff_local,temp,wind,gust,precip
2015_14_MIN_ARI,2015,14,ARI,2015-12-10 18:00:00,68.2,4.5,6.7,0.0
2017_10_SEA_ARI,2017,10,ARI,2017-11-09 18:00:00,77.5,4.8,7.4,0.0
2021_08_GB_ARI,2021,8,ARI,2021-10-28 17:00:00,84.9,3.5,7.6,0.0
2021_14_LA_ARI,2021,14,ARI,2021-12-13 18:00:00,65.6,3.2,5.4,0.0
2021_18_SEA_ARI,2021,18,ARI,2022-01-09 14:00:00,71.7,5.2,11.6,0.0
2022_07_NO_ARI,2022,7,ARI,2022-10-20 17:00:00,85.6,2.3,7.6,0.0
2022_09_SEA_ARI,2022,9,ARI,2022-11-06 14:00:00,77.5,3.8,11.9,0.0
2022_11_SF_ARI,2022,11,ARI,2022-11-21 18:00:00,65.2,4.9,7.8,0.0
2022_16_TB_ARI,2022,16,ARI,2022-12-25 18:00:00,68.5,1.6,3.1,0.0
2023_03_DAL_ARI,2023,3,ARI,2023-09-24 13:00:00,95.7,2.8,10.3,0.0
2023_15_SF_ARI,2023,15,ARI,2023-12-17 14:00:00,74.2,3.3,8.7,0.0
2014_08_DET_ATL,2014,8,ATL,2014-10-26 09:00:00,59.0,7.7,13.6,0.0
2017_02_GB_ATL,2017,2,ATL,2017-09-17 20:00:00,78.7,4.7,5.8,0.0
2018_06_TB_ATL,2018,6,ATL,2018-10-14 13:00:00,71.3,6.8,16.8,0.0
2018_07_NYG_ATL,2018,7,ATL,2018-10-22 20:00:00,53.1,4.9,6.5,0.0
2018_11_DAL_ATL,2018,11,ATL,2018-11-18 13:00:00,57.8,1.9,9.8,0.0
2018_13_BAL_ATL,2018,13,ATL,2018-12-02 13:00:00,68.5,9.2,18.1,0.0
2019_02_PHI_ATL,2019,2,ATL,2019-09-15 20:00:00,82.3,4.7,8.3,0.0
2019_07_LA_ATL,2019,7,ATL,2019-10-20 13:00:00,70.5,12.4,26.6,0.0
2019_08_SEA_ATL,2019,8,ATL,2019-10-27 13:00:00,65.6,9.2,19.2,0.0
2021_01_PHI_ATL,2021,1,ATL,2021-09-12 13:00:00,78.4,4.0,11.2,0.012
2021_04_WAS_ATL,2021,4,ATL,2021-10-03 13:00:00,72.9,6.7,16.3,0.028
2021_05_NYJ_ATL,2021,5,ATL,2021-10-10 09:00:00,64.2,7.9,15.2,0.0
2021_08_CAR_ATL,2021,8,ATL,2021-10-31 13:00:00,59.3,13.4,24.8,0.0
2021_16_DET_ATL,2021,16,ATL,2021-12-26 13:00:00,68.9,4.6,11.2,0.004
2022_04_CLE_ATL,2022,4,ATL,2022-10-02 13:00:00,71.0,9.7,20.4,0.0
2022_06_SF_ATL,2022,6,ATL,2022-10-16 13:00:00,77.0,7.1,15.0,0.0
2022_09_LAC_ATL,2022,9,ATL,2022-11-06 13:00:00,77.7,5.5,13.9,0.004
2023_02_GB_ATL,2023,2,ATL,2023-09-17 13:00:00,75.9,9.5,18.8,0.0
2023_05_HOU_ATL,2023,5,ATL,2023-10-08 13:00:00,63.0,9.3,19.5,0.0
2023_09_MIN_ATL,2023,9,ATL,2023-11-05 13:00:00,70.3,9.3,19.0,0.0
2013_02_CLE_BAL,2013,2,BAL,2013-09-15 13:00:00,71.9,4.2,12.3,0.0
2013_03_HOU_BAL,2013,3,BAL,2013-09-22 13:00:00,69.8,9.7,20.6,0.0
2013_06_GB_BAL,2013,6,BAL,2013-10-13 13:00:00,61.9,13.8,22.6,0.0
2013_10_CIN_BAL,2013,10,BAL,2013-11-10 13:00:00,56.0,15.3,31.3,0.0
2013_12_NYJ_BAL,2013,12,BAL,2013-11-24 13:00:00,32.2,23.6,44.3,0.0
2013_13_PIT_BAL,2013,13,BAL,2013-11-28 20:00:00,30.4,4.0,8.7,0.0
2013_14_MIN_BAL,2013,14,BAL,2013-12-08 13:00:00,31.9,7.5,14.1,0.016
2013_16_NE_BAL,2013,16,BAL,2013-12-22 16:00:00,66.8,13.9,23.9,0.0
2014_01_CIN_BAL,2014,1,BAL,2014-09-07 13:00:00,76.2,7.5,17.9,0.0
2014_02_PIT_BAL,2014,2,BAL,2014-09-11 20:00:00,79.0,3.4,8.7,0.0
2014_04_CAR_BAL,2014,4,BAL,2014-09-28 13:00:00,77.2,2.6,9.2,0.0
2014_07_ATL_BAL,2014,7,BAL,2014-10-19 13:00:00,53.3,14.6,28.4,0.0
2014_10_TEN_BAL,2014,10,BAL,2014-11-09 13:00:00,54.6,3.6,12.5,0.0
2014_13_SD_BAL,2014,13,BAL,2014-11-30 13:00:00,50.5,8.6,17.0,0.0
2014_15_JAX_BAL,2014,15,BAL,2014-12-14 13:00:00,46.9,5.7,19.0,0.0
2014_17_CLE_BAL,2014,17,BAL,2014-12-28 13:00:00,54.5,4.6,13.4,0.0
2015_03_CIN_BAL,2015,3,BAL,2015-09-27 13:00:00,72.9,11.0,23.9,0.0
2015_05_CLE_BAL,2015,5,BAL,2015-10-11 13:00:00,65.3,2.0,7.8,0.0
2015_08_SD_BAL,2015,8,BAL,2015-11-01 13:00:00,65.3,11.2,21.7,0.0
2015_10_JAX_BAL,2015,10,BAL,2015-11-15 13:00:00,56.7,9.1,17.7,0.0
2015_11_STL_BAL,2015,11,BAL,2015-11-22 13:00:00,46.2,12.9,23.5,0.0
2015_14_SEA_BAL,2015,14,BAL,2015-12-13 13:00:00,65.8,3.6,7.6,0.0
2015_15_KC_BAL,2015,15,BAL,2015-12-20 13:00:00,39.6,4.7,11.6,0.0
2015_16_PIT_BAL,2015,16,BAL,2015-12-27 13:00:00,64.6,14.5,27.1,0.0
2016_01_BUF_BAL,2016,1,BAL,2016-09-11 13:00:00,80.9,10.9,22.1,0.0
2016_04_OAK_BAL,2016,4,BAL,2016-10-02 13:00:00,69.1,1.8,6.0,0.0
2016_05_WAS_BAL,2016,5,BAL,2016-10-09 13:00:00,60.4,20.4,37.6,0.0
2016_09_PIT_BAL,2016,9,BAL,2016-11-06 13:00:00,60.7,13.7,23.3,0.0
2016_10_CLE_BAL,2016,10,BAL,2016-11-10 20:00:00,51.0,9.5,14.5,0.0
2016_12_CIN_BAL,2016,12,BAL,2016-11-27 13:00:00,47.8,11.4,21.5,0.0
2016_13_MIA_BAL,2016,13,BAL,2016-12-04 13:00:00,45.3,3.0,10.7,0.0
2016_15_PHI_BAL,2016,15,BAL,2016-12-18 13:00:00,56.4,7.8,26.8,0.067
2017_02_CLE_BAL,2017,2,BAL,2017-09-17 13:00:00,77.5,2.4,9.2,0.0
2017_04_PIT_BAL,2017,4,BAL,2017-10-01 13:00:00,64.3,3.8,12.5,0.0
2017_06_CHI_BAL,2017,6,BAL,2017-10-15 13:00:00,70.4,10.8,20.8,0.0
2017_08_MIA_BAL,2017,8,BAL,2017-10-26 20:00:00,53.0,5.9,13.6,0.0
2017_12_HOU_BAL,2017,12,BAL,2017-11-27 20:00:00,44.3,3.0,8.7,0.0
2017_13_DET_BAL,2017,13,BAL,2017-12-03 13:00:00,52.4,7.6,15.2,0.0
2017_16_IND_BAL,2017,16,BAL,2017-12-23 16:00:00,60.7,17.9,34.2,0.031
2017_17_CIN_BAL,2017,17,BAL,2017-12-31 16:00:00,20.2,11.7,23.5,0.004
2018_01_BUF_BAL,2018,1,BAL,2018-09-09 13:00:00,64.0,18.0,32.0,0.071
2018_03_DEN_BAL,2018,3,BAL,2018-09-23 13:00:00,63.6,8.3,15.2,0.028
2018_07_NO_BAL,2018,7,BAL,2018-10-21 16:00:00,51.4,15.6,28.2,0.0
2018_09_PIT_BAL,2018,9,BAL,2018-11-04 13:00:00,51.7,5.9,14.3,0.0
2018_11_CIN_BAL,2018,11,BAL,2018-11-18 13:00:00,47.4,8.3,16.6,0.0
2018_12_OAK_BAL,2018,12,BAL,2018-11-25 13:00:00,54.4,6.4,13.9,0.0
2018_15_TB_BAL,2018,15,BAL,2018-12-16 13:00:00,43.0,11.4,20.1,0.083
2018_17_CLE_BAL,2018,17,BAL,2018-12-30 16:00:00,46.6,2.9,8.5,0.0
2018_18_LAC_BAL,2018,18,BAL,2019-01-06 13:00:00,50.0,14.4,26.6,0.0
2019_02_ARI_BAL,2019,2,BAL,2019-09-15 13:00:00,81.8,1.4,11.6,0.0
2019_04_CLE_BAL,2019,4,BAL,2019-09-29 13:00:00,83.3,6.0,15.9,0.0
2019_06_CIN_BAL,2019,6,BAL,2019-10-13 13:00:00,61.7,5.5,14.3,0.0
2019_09_NE_BAL,2019,9,BAL,2019-11-03 20:00:00,41.5,3.7,8.1,0.0
2019_11_HOU_BAL,2019,11,BAL,2019-11-17 13:00:00,41.4,9.1,18.6,0.0
2019_13_SF_BAL,2019,13,BAL,2019-12-01 13:00:00,41.0,12.3,21.0,0.15
2019_15_NYJ_BAL,2019,15,BAL,2019-12-12 20:00:00,30.2,4.2,7.2,0.0
2019_17_PIT_BAL,2019,17,BAL,2019-12-29 16:00:00,48.3,7.4,13.2,0.024
2019_19_TEN_BAL,2019,19,BAL,2020-01-11 20:00:00,63.6,8.8,20.6,0.0
2020_01_CLE_BAL,2020,1,BAL,2020-09-13 13:00:00,72.9,4.9,10.7,0.004
2020_03_KC_BAL,2020,3,BAL,2020-09-28 20:00:00,70.7,11.8,17.0,0.0
2020_05_CIN_BAL,2020,5,BAL,2020-10-11 13:00:00,68.5,5.9,11.4,0.008
2020_08_PIT_BAL,2020,8,BAL,2020-11-01 13:00:00,52.2,11.7,24.2,0.193
2020_11_TEN_BAL,2020,11,BAL,2020-11-22 13:00:00,49.9,7.1,15.0,0.0
2020_13_DAL_BAL,2020,13,BAL,2020-12-08 20:00:00,36.1,11.5,21.0,0.0
2020_15_JAX_BAL,2020,15,BAL,2020-12-20 13:00:00,40.5,10.0,18.1,0.0
2020_16_NYG_BAL,2020,16,BAL,2020-12-27 13:00:00,34.7,4.5,12.1,0.0
2021_02_KC_BAL,2021,2,BAL,2021-09-19 20:00:00,68.6,5.1,7.2,0.0
2021_05_IND_BAL,2021,5,BAL,2021-10-11 20:00:00,67.4,1.9,11.2,0.0
2021_06_LAC_BAL,2021,6,BAL,2021-10-17 13:00:00,61.0,14.7,27.3,0.0
2021_07_CIN_BAL,2021,7,BAL,2021-10-24 13:00:00,60.2,7.4,15.2,0.0
2021_09_MIN_BAL,2021,9,BAL,2021-11-07 13:00:00,54.0,6.1,16.3,0.0
2021_12_CLE_BAL,2021,12,BAL,2021-11-28 20:00:00,41.3,4.5,8.7,0.0
2021_15_GB_BAL,2021,15,BAL,2021-12-19 16:00:00,42.8,13.4,25.5,0.0
2021_17_LA_BAL,2021,17,BAL,2022-01-02 13:00:00,62.4,7.8,14.8,0.0
2021_18_PIT_BAL,2021,18,BAL,2022-01-09 13:00:00,41.4,5.4,11.2,0.043
2022_02_MIA_BAL,2022,2,BAL,2022-09-18 13:00:00,80.2,5.4,13.2,0.0
2022_04_BUF_BAL,2022,4,BAL,2022-10-02 13:00:00,56.8,13.9,23.7,0.114
2022_05_CIN_BAL,2022,5,BAL,2022-10-09 20:00:00,51.6,4.3,8.3,0.0
2022_07_CLE_BAL,2022,7,BAL,2022-10-23 13:00:00,61.3,7.3,13.6,0.0
2022_11_CAR_BAL,2022,11,BAL,2022-11-20 13:00:00,34.1,15.2,27.7,0.0
2022_13_DEN_BAL,2022,13,BAL,2022-12-04 13:00:00,43.7,4.6,11.4,0.0
2022_16_ATL_BAL,2022,16,BAL,2022-12-24 13:00:00,16.5,14.7,30.6,0.0
2022_17_PIT_BAL,2022,17,BAL,2023-01-01 20:00:00,50.2,4.2,8.3,0.0
2023_01_HOU_BAL,2023,1,BAL,2023-09-10 13:00:00,72.4,3.7,10.7,0.031
2023_03_IND_BAL,2023,3,BAL,2023-09-24 13:00:00,65.4,6.1,13.4,0.039
2023_07_DET_BAL,2023,7,BAL,2023-10-22 13:00:00,59.7,15.8,30.4,0.0
2023_09_SEA_BAL,2023,9,BAL,2023-11-05 13:00:00,69.8,5.6,12.8,0.0
2023_10_CLE_BAL,2023,10,BAL,2023-11-12 13:00:00,47.1,4.9,13.4,0.0
2023_11_CIN_BAL,2023,11,BAL,2023-11-16 20:00:00,47.4,7.1,8.7,0.0
2023_14_LA_BAL,2023,14,BAL,2023-12-10 13:00:00,57.7,7.9,13.6,0.087
2023_17_MIA_BAL,2023,17,BAL,2023-12-31 13:00:00,46.2,8.3,17.2,0.0
2023_18_PIT_BAL,2023,18,BAL,2024-01-06 16:00:00,37.1,13.8,26.4,0.098
2023_20_HOU_BAL,2023,20,BAL,2024-01-20 16:00:00,22.9,14.5,30.0,0.0
2023_21_KC_BAL,2023,21,BAL,2024-01-28 15:00:00,43.9,9.6,18.3,0.004
2024_02_LV_BAL,2024,2,BAL,2024-09-15 13:00:00,77.5,8.3,18.8,0.0
2024_04_BUF_BAL,2024,4,BAL,2024-09-29 20:00:00,66.4,10.1,18.1,0.008
2024_06_WAS_BAL,2024,6,BAL,2024-10-13 13:00:00,76.1,9.1,18.3,0.0
2024_09_DEN_BAL,2024,9,BAL,2024-11-03 13:00:00,55.0,2.5,10.5,0.0
2024_10_CIN_BAL,2024,10,BAL,2024-11-07 20:00:00,62.3,5.5,11.6,0.0
2024_13_PHI_BAL,2024,13,BAL,2024-12-01 16:00:00,39.3,7.3,22.1,0.0
2024_16_PIT_BAL,2024,16,BAL,2024-12-21 16:00:00,33.5,13.1,30.6,0.0
2024_18_CLE_BAL,2024,18,BAL,2025-01-04 16:00:00,28.9,16.3,35.6,0.0
2024_19_PIT_BAL,2024,19,BAL,2025-01-11 20:00:00,26.8,10.4,21.0,0.0
2025_02_CLE_BAL,2025,2,BAL,2025-09-14 13:00:00,79.9,3.4,12.5,0.0
2025_03_DET_BAL,2025,3,BAL,2025-09-22 20:00:00,68.4,4.0,8.1,0.0
2025_05_HOU_BAL,2025,5,BAL,2025-10-05 13:00:00,75.2,3.3,12.1,0.0
2025_06_LA_BAL,2025,6,BAL,2025-10-12 13:00:00,65.9,13.4,31.1,0.0
2025_08_CHI_BAL,2025,8,BAL,2025-10-26 13:00:00,59.5,1.4,8.5,0.0
2025_12_NYJ_BAL,2025,12,BAL,2025-11-23 13:00:00,51.6,5.5,14.3,0.0
2025_13_CIN_BAL,2025,13,BAL,2025-11-27 20:00:00,37.5,8.6,19.7,0.0
2025_14_PIT_BAL,2025,14,BAL,2025-12-07 13:00:00,38.6,2.6,7.8,0.0
2025_16_NE_BAL,2025,16,BAL,2025-12-21 20:00:00,37.3,7.3,19.9,0.0
2013_01_NE_BUF,2013,1,BUF,2013-09-08 13:00:00,62.0,8.6,20.1,0.0
2013_02_CAR_BUF,2013,2,BUF,2013-09-15 13:00:00,64.1,7.3,19.9,0.0
2013_04_BAL_BUF,2013,4,BUF,2013-09-29 13:00:00,68.3,7.1,21.5,0.0
2013_06_CIN_BUF,2013,6,BUF,2013-10-13 13:00:00,68.4,5.8,16.6,0.0
2013_09_KC_BUF,2013,9,BUF,2013-11-03 13:00:00,35.8,7.0,16.1,0.0
2013_11_NYJ_BUF,2013,11,BUF,2013-11-17 13:00:00,55.8,15.9,33.3,0.012
2013_16_MIA_BUF,2013,16,BUF,2013-12-22 13:00:00,51.1,16.3,30.4,0.0
2014_02_MIA_BUF,2014,2,BUF,2014-09-14 13:00:00,55.8,0.7,8.5,0.0
2014_03_SD_BUF,2014,3,BUF,2014-09-21 13:00:00,65.6,15.4,32.2,0.016
2014_06_NE_BUF,2014,6,BUF,2014-10-12 13:00:00,55.4,4.4,11.4,0.0
2014_07_MIN_BUF,2014,7,BUF,2014-10-19 13:00:00,44.0,8.7,22.4,0.0
2014_10_KC_BUF,2014,10,BUF,2014-11-09 13:00:00,42.7,9.7,22.8,0.004
2014_13_CLE_BUF,2014,13,BUF,2014-11-30 13:00:00,50.9,14.1,31.1,0.0
2014_15_GB_BUF,2014,15,BUF,2014-12-14 13:00:00,37.8,9.9,21.9,0.0
2015_01_IND_BUF,2015,1,BUF,2015-09-13 13:00:00,55.6,13.6,27.1,0.016
2015_02_NE_BUF,2015,2,BUF,2015-09-20 13:00:00,62.5,6.3,17.4,0.0
2015_04_NYG_BUF,2015,4,BUF,2015-10-04 13:00:00,58.9,5.8,16.1,0.0
2015_06_CIN_BUF,2015,6,BUF,2015-10-18 13:00:00,41.7,4.5,21.5,0.004
2015_09_MIA_BUF,2015,9,BUF,2015-11-08 13:00:00,45.5,5.1,14.1,0.0
2015_13_HOU_BUF,2015,13,BUF,2015-12-06 13:00:00,46.5,4.9,12.5,0.0
2015_16_DAL_BUF,2015,16,BUF,2015-12-27 13:00:00,38.3,9.0,17.4,0.039
2015_17_NYJ_BUF,2015,17,BUF,2016-01-03 13:00:00,34.1,16.0,34.0,0.0
2016_02_NYJ_BUF,2016,2,BUF,2016-09-15 20:00:00,62.4,7.0,13.2,0.0
2016_03_ARI_BUF,2016,3,BUF,2016-09-25 13:00:00,63.0,3.4,11.2,0.0
2016_06_SF_BUF,2016,6,BUF,2016-10-16 13:00:00,70.1,15.9,30.9,0.0
2016_08_NE_BUF,2016,8,BUF,2016-10-30 13:00:00,47.9,7.2,21.0,0.031
2016_12_JAX_BUF,2016,12,BUF,2016-11-27 13:00:00,41.2,10.6,22.1,0.0
2016_14_PIT_BUF,2016,14,BUF,2016-12-11 13:00:00,27.7,8.8,17.9,0.008
2016_15_CLE_BUF,2016,15,BUF,2016-12-18 13:00:00,26.2,14.6,32.9,0.0
2016_16_MIA_BUF,2016,16,BUF,2016-12-24 13:00:00,37.5,11.2,27.1,0.0
2017_01_NYJ_BUF,2017,1,BUF,2017-09-10 13:00:00,62.3,5.4,13.9,0.0
2017_03_DEN_BUF,2017,3,BUF,2017-09-24 13:00:00,80.4,5.2,14.3,0.0
2017_07_TB_BUF,2017,7,BUF,2017-10-22 13:00:00,74.3,7.5,17.9,0.0
2017_08_OAK_BUF,2017,8,BUF,2017-10-29 13:00:00,41.3,5.2,14.8,0.043
2017_10_NO_BUF,2017,10,BUF,2017-11-12 13:00:00,41.5,3.5,11.0,0.0
2017_13_NE_BUF,2017,13,BUF,2017-12-03 13:00:00,46.0,12.1,24.2,0.0
2017_14_IND_BUF,2017,14,BUF,2017-12-10 13:00:00,32.5,21.5,42.3,0.008
2017_15_MIA_BUF,2017,15,BUF,2017-12-17 13:00:00,24.5,6.0,14.5,0.0
2018_02_LAC_BUF,2018,2,BUF,2018-09-16 13:00:00,81.9,1.4,7.6,0.0
2018_05_TEN_BUF,2018,5,BUF,2018-10-07 13:00:00,66.7,5.4,13.2,0.0
2018_08_NE_BUF,2018,8,BUF,2018-10-29 20:00:00,45.5,15.2,31.3,0.0
2018_09_CHI_BUF,2018,9,BUF,2018-11-04 13:00:00,49.0,7.0,17.4,0.0
2018_12_JAX_BUF,2018,12,BUF,2018-11-25 13:00:00,43.4,12.7,28.0,0.008
2018_14_NYJ_BUF,2018,14,BUF,2018-12-09 13:00:00,29.8,10.0,21.7,0.0
2018_15_DET_BUF,2018,15,BUF,2018-12-16 13:00:00,35.8,4.6,10.5,0.016
2018_17_MIA_BUF,2018,17,BUF,2018-12-30 13:00:00,34.4,15.0,30.9,0.0
2019_03_CIN_BUF,2019,3,BUF,2019-09-22 13:00:00,82.1,14.9,29.8,0.0
2019_04_NE_BUF,2019,4,BUF,2019-09-29 13:00:00,63.2,8.1,20.8,0.0
2019_07_MIA_BUF,2019,7,BUF,2019-10-20 13:00:00,62.7,4.3,13.0,0.0
2019_08_PHI_BUF,2019,8,BUF,2019-10-27 13:00:00,55.6,25.4,50.6,0.0
2019_09_WAS_BUF,2019,9,BUF,2019-11-03 13:00:00,41.2,17.9,37.6,0.0
2019_12_DEN_BUF,2019,12,BUF,2019-11-24 13:00:00,40.3,17.6,36.5,0.0
2019_14_BAL_BUF,2019,14,BUF,2019-12-08 13:00:00,41.8,14.7,34.4,0.0
2019_17_NYJ_BUF,2019,17,BUF,2019-12-29 13:00:00,44.3,6.6,12.1,0.031
2020_01_NYJ_BUF,2020,1,BUF,2020-09-13 13:00:00,68.9,15.2,30.4,0.028
2020_03_LA_BUF,2020,3,BUF,2020-09-27 13:00:00,78.4,12.0,28.9,0.0
2020_06_KC_BUF,2020,6,BUF,2020-10-19 17:00:00,53.2,4.5,11.0,0.0
2020_08_NE_BUF,2020,8,BUF,2020-11-01 13:00:00,44.0,16.1,47.4,0.102
2020_09_SEA_BUF,2020,9,BUF,2020-11-08 13:00:00,65.8,4.4,11.9,0.0
2020_12_LAC_BUF,2020,12,BUF,2020-11-29 13:00:00,48.3,11.2,24.6,0.0
2020_14_PIT_BUF,2020,14,BUF,2020-12-13 20:00:00,35.8,8.5,17.9,0.0
2020_17_MIA_BUF,2020,17,BUF,2021-01-03 13:00:00,36.7,2.8,5.6,0.004
2020_18_IND_BUF,2020,18,BUF,2021-01-09 13:00:00,33.0,4.5,12.3,0.0
2020_19_BAL_BUF,2020,19,BUF,2021-01-16 20:00:00,33.1,14.8,28.2,0.004
2021_01_PIT_BUF,2021,1,BUF,2021-09-12 13:00:00,73.0,16.7,35.3,0.008
2021_03_WAS_BUF,2021,3,BUF,2021-09-26 13:00:00,63.1,18.6,38.7,0.0
2021_04_HOU_BUF,2021,4,BUF,2021-10-03 13:00:00,67.6,9.3,21.5,0.024
2021_08_MIA_BUF,2021,8,BUF,2021-10-31 13:00:00,52.1,13.9,28.4,0.004
2021_11_IND_BUF,2021,11,BUF,2021-11-21 13:00:00,49.7,10.0,20.1,0.0
2021_13_NE_BUF,2021,13,BUF,2021-12-06 20:00:00,35.6,28.1,53.9,0.008
2021_15_CAR_BUF,2021,15,BUF,2021-12-19 13:00:00,29.5,8.1,18.1,0.0
2021_17_ATL_BUF,2021,17,BUF,2022-01-02 13:00:00,27.1,8.3,18.1,0.0
2021_18_NYJ_BUF,2021,18,BUF,2022-01-09 16:00:00,35.8,20.8,40.9,0.004
2021_19_NE_BUF,2021,19,BUF,2022-01-15 20:00:00,5.8,7.0,15.2,0.0
2022_02_TEN_BUF,2022,2,BUF,2022-09-19 19:00:00,66.9,14.8,27.3,0.004
2022_05_PIT_BUF,2022,5,BUF,2022-10-09 13:00:00,55.2,20.4,40.5,0.0
2022_08_GB_BUF,2022,8,BUF,2022-10-30 20:00:00,50.0,3.5,7.2,0.0
2022_10_MIN_BUF,2022,10,BUF,2022-11-13 13:00:00,38.1,6.6,18.8,0.012
2022_14_NYJ_BUF,2022,14,BUF,2022-12-11 13:00:00,37.9,13.2,24.2,0.016
2022_15_MIA_BUF,2022,15,BUF,2022-12-17 20:00:00,30.7,10.8,22.8,0.012
2022_18_NE_BUF,2022,18,BUF,2023-01-08 13:00:00,31.4,4.1,11.4,0.0
2022_19_MIA_BUF,2022,19,BUF,2023-01-15 13:00:00,28.0,2.1,9.2,0.0
2022_20_CIN_BUF,2022,20,BUF,2023-01-22 15:00:00,36.1,1.3,7.2,0.016
2023_02_LV_BUF,2023,2,BUF,2023-09-17 13:00:00,71.0,0.0,7.8,0.0
2023_04_MIA_BUF,2023,4,BUF,2023-10-01 13:00:00,70.8,4.8,13.0,0.0
2023_05_JAX_BUF,2023,5,BUF,2023-10-08 09:00:00,49.6,16.6,34.4,0.004
2023_06_NYG_BUF,2023,6,BUF,2023-10-15 20:00:00,46.0,7.8,16.6,0.004
2023_08_TB_BUF,2023,8,BUF,2023-10-26 20:00:00,66.0,12.2,21.9,0.0
2023_10_DEN_BUF,2023,10,BUF,2023-11-13 20:00:00,47.7,11.8,23.0,0.0
2023_11_NYJ_BUF,2023,11,BUF,2023-11-19 16:00:00,44.5,11.3,25.5,0.0
2023_15_DAL_BUF,2023,15,BUF,2023-12-17 16:00:00,48.5,9.5,26.8,0.012
2023_17_NE_BUF,2023,17,BUF,2023-12-31 13:00:00,35.9,8.4,15.9,0.012
2023_19_PIT_BUF,2023,19,BUF,2024-01-15 16:00:00,18.5,14.1,28.6,0.0
2023_20_KC_BUF,2023,20,BUF,2024-01-21 18:00:00,25.3,13.9,26.6,0.0
2024_01_ARI_BUF,2024,1,BUF,2024-09-08 13:00:00,58.8,18.3,36.9,0.0
2024_03_JAX_BUF,2024,3,BUF,2024-09-23 19:00:00,69.8,1.8,8.3,0.0
2024_07_TEN_BUF,2024,7,BUF,2024-10-20 13:00:00,64.0,12.3,25.1,0.0
2024_09_MIA_BUF,2024,9,BUF,2024-11-03 13:00:00,53.0,6.5,15.0,0.0
2024_11_KC_BUF,2024,11,BUF,2024-11-17 16:00:00,52.3,4.8,12.8,0.0
2024_13_SF_BUF,2024,13,BUF,2024-12-01 20:00:00,30.0,8.2,19.0,0.004
2024_16_NE_BUF,2024,16,BUF,2024-12-22 16:00:00,10.7,2.0,6.3,0.0
2024_17_NYJ_BUF,2024,17,BUF,2024-12-29 13:00:00,52.8,18.0,31.8,0.0
2024_19_DEN_BUF,2024,19,BUF,2025-01-12 13:00:00,31.2,10.0,22.6,0.0
2024_20_BAL_BUF,2024,20,BUF,2025-01-19 18:00:00,19.6,6.0,12.5,0.004
2025_01_BAL_BUF,2025,1,BUF,2025-09-07 20:00:00,59.7,8.4,21.3,0.0
2025_03_MIA_BUF,2025,3,BUF,2025-09-18 20:00:00,66.7,7.6,15.2,0.0
2025_04_NO_BUF,2025,4,BUF,2025-09-28 13:00:00,73.0,5.0,13.6,0.0
2025_05_NE_BUF,2025,5,BUF,2025-10-05 20:00:00,72.1,2.3,3.4,0.0
2025_09_KC_BUF,2025,9,BUF,2025-11-02 16:00:00,54.9,1.5,6.9,0.0
2025_11_TB_BUF,2025,11,BUF,2025-11-16 13:00:00,39.1,18.7,39.6,0.008
2025_14_CIN_BUF,2025,14,BUF,2025-12-07 13:00:00,31.6,11.0,22.8,0.035
2025_17_PHI_BUF,2025,17,BUF,2025-12-28 16:00:00,39.3,2.6,4.7,0.11
2025_18_NYJ_BUF,2025,18,BUF,2026-01-04 16:00:00,27.0,11.9,23.7,0.004
2013_01_SEA_CAR,2013,1,CAR,2013-09-08 13:00:00,85.6,4.8,15.9,0.0
2013_03_NYG_CAR,2013,3,CAR,2013-09-22 13:00:00,72.2,7.5,20.6,0.0
2013_07_STL_CAR,2013,7,CAR,2013-10-20 13:00:00,61.3,4.0,15.9,0.0
2013_09_ATL_CAR,2013,9,CAR,2013-11-03 13:00:00,58.6,8.8,21.0,0.0
2013_11_NE_CAR,2013,11,CAR,2013-11-18 20:00:00,60.0,8.6,17.7,0.0
2013_13_TB_CAR,2013,13,CAR,2013-12-01 13:00:00,50.8,2.9,11.0,0.0
2013_15_NYJ_CAR,2013,15,CAR,2013-12-15 16:00:00,49.8,9.4,21.7,0.0
2013_16_NO_CAR,2013,16,CAR,2013-12-22 13:00:00,69.0,14.0,30.2,0.004
2013_19_SF_CAR,2013,19,CAR,2014-01-12 13:00:00,50.4,9.0,20.4,0.0
2014_02_DET_CAR,2014,2,CAR,2014-09-14 13:00:00,67.9,5.8,16.3,0.0
2014_03_PIT_CAR,2014,3,CAR,2014-09-21 20:00:00,76.4,7.7,13.6,0.0
2014_05_CHI_CAR,2014,5,CAR,2014-10-05 13:00:00,62.0,6.6,15.9,0.0
2014_08_SEA_CAR,2014,8,CAR,2014-10-26 13:00:00,75.7,9.1,21.0,0.0
2014_09_NO_CAR,2014,9,CAR,2014-10-30 20:00:00,58.8,3.5,7.6,0.0
2014_11_ATL_CAR,2014,11,CAR,2014-11-16 13:00:00,47.5,1.9,8.7,0.0
2014_15_TB_CAR,2014,15,CAR,2014-12-14 13:00:00,52.2,1.8,9.4,0.0
2014_16_CLE_CAR,2014,16,CAR,2014-12-21 13:00:00,46.9,4.0,11.9,0.0
2014_18_ARI_CAR,2014,18,CAR,2015-01-03 16:00:00,50.2,2.6,10.1,0.008
2015_02_HOU_CAR,2015,2,CAR,2015-09-20 13:00:00,86.6,2.4,14.5,0.0
2015_03_NO_CAR,2015,3,CAR,2015-09-27 13:00:00,64.2,11.2,21.7,0.008
2015_07_PHI_CAR,2015,7,CAR,2015-10-25 20:00:00,68.9,2.5,5.4,0.0
2015_08_IND_CAR,2015,8,CAR,2015-11-02 20:00:00,61.5,7.1,12.5,0.0
2015_09_GB_CAR,2015,9,CAR,2015-11-08 13:00:00,52.3,7.5,19.7,0.0
2015_11_WAS_CAR,2015,11,CAR,2015-11-22 13:00:00,47.4,9.2,22.1,0.0
2015_14_ATL_CAR,2015,14,CAR,2015-12-13 13:00:00,65.0,3.8,10.3,0.0
2015_17_TB_CAR,2015,17,CAR,2016-01-03 16:00:00,51.8,3.6,9.8,0.0
2015_19_SEA_CAR,2015,19,CAR,2016-01-17 13:00:00,42.4,6.7,20.4,0.0
2015_20_ARI_CAR,2015,20,CAR,2016-01-24 18:00:00,41.5,2.9,8.7,0.0
2016_02_SF_CAR,2016,2,CAR,2016-09-18 13:00:00,85.5,3.4,10.7,0.0
2016_03_MIN_CAR,2016,3,CAR,2016-09-25 13:00:00,85.8,2.6,12.3,0.0
2016_05_TB_CAR,2016,5,CAR,2016-10-10 20:00:00,60.2,4.2,7.8,0.0
2016_08_ARI_CAR,2016,8,CAR,2016-10-30 13:00:00,80.3,5.8,14.5,0.0
2016_10_KC_CAR,2016,10,CAR,2016-11-13 13:00:00,54.1,0.4,8.3,0.008
2016_11_NO_CAR,2016,11,CAR,2016-11-17 20:00:00,59.0,4.0,7.4,0.0
2016_14_SD_CAR,2016,14,CAR,2016-12-11 13:00:00,38.5,2.8,11.4,0.0
2016_16_ATL_CAR,2016,16,CAR,2016-12-24 13:00:00,55.3,6.5,17.4,0.004
2017_02_BUF_CAR,2017,2,CAR,2017-09-17 13:00:00,80.7,5.0,13.2,0.0
2017_03_NO_CAR,2017,3,CAR,2017-09-24 13:00:00,84.3,9.4,20.1,0.0
2017_06_PHI_CAR,2017,6,CAR,2017-10-12 20:00:00,71.4,9.9,11.6,0.012
2017_09_ATL_CAR,2017,9,CAR,2017-11-05 13:00:00,64.6,3.4,9.6,0.0
2017_10_MIA_CAR,2017,10,CAR,2017-11-13 20:00:00,50.7,10.7,17.2,0.0
2017_14_MIN_CAR,2017,14,CAR,2017-12-10 13:00:00,39.6,5.4,15.2,0.0
2017_15_GB_CAR,2017,15,CAR,2017-12-17 13:00:00,47.5,4.3,11.6,0.0
2017_16_TB_CAR,2017,16,CAR,2017-12-24 13:00:00,56.4,5.6,16.3,0.0
2018_01_DAL_CAR,2018,1,CAR,2018-09-09 16:00:00,82.2,8.2,19.2,0.008
2018_03_CIN_CAR,2018,3,CAR,2018-09-23 13:00:00,80.2,3.0,9.6,0.008
2018_05_NYG_CAR,2018,5,CAR,2018-10-07 13:00:00,78.8,2.7,9.2,0.004
2018_08_BAL_CAR,2018,8,CAR,2018-10-28 13:00:00,60.1,10.2,22.8,0.0
2018_09_TB_CAR,2018,9,CAR,2018-11-04 13:00:00,59.0,7.3,17.0,0.0
2018_12_SEA_CAR,2018,12,CAR,2018-11-25 13:00:00,50.3,1.6,8.5,0.0
2018_15_NO_CAR,2018,15,CAR,2018-12-17 20:00:00,47.6,5.1,8.1,0.0
2018_16_ATL_CAR,2018,16,CAR,2018-12-23 13:00:00,48.0,3.5,11.2,0.0
2019_01_LA_CAR,2019,1,CAR,2019-09-08 13:00:00,86.8,1.5,11.6,0.0
2019_02_TB_CAR,2019,2,CAR,2019-09-12 20:00:00,88.3,5.5,4.9,0.0
2019_05_JAX_CAR,2019,5,CAR,2019-10-06 13:00:00,75.7,4.1,12.5,0.0
2019_09_TEN_CAR,2019,9,CAR,2019-11-03 13:00:00,53.6,3.9,14.8,0.0
2019_11_ATL_CAR,2019,11,CAR,2019-11-17 13:00:00,50.0,11.5,24.4,0.0
2019_13_WAS_CAR,2019,13,CAR,2019-12-01 13:00:00,62.9,18.5,32.4,0.012
2019_15_SEA_CAR,2019,15,CAR,2019-12-15 13:00:00,53.3,5.7,14.1,0.0
2019_17_NO_CAR,2019,17,CAR,2019-12-29 13:00:00,65.8,12.2,22.1,0.008
2020_01_LV_CAR,2020,1,CAR,2020-09-13 13:00:00,79.1,2.7,11.4,0.0
2020_04_ARI_CAR,2020,4,CAR,2020-10-04 13:00:00,67.0,5.9,16.6,0.0
2020_06_CHI_CAR,2020,6,CAR,2020-10-18 13:00:00,62.1,3.5,12.5,0.0
2020_08_ATL_CAR,2020,8,CAR,2020-10-29 20:00:00,74.3,10.7,29.1,0.028
2020_10_TB_CAR,2020,10,CAR,2020-11-15 13:00:00,70.4,14.2,31.3,0.0
2020_11_DET_CAR,2020,11,CAR,2020-11-22 13:00:00,59.2,2.5,7.8,0.0
2020_14_DEN_CAR,2020,14,CAR,2020-12-13 13:00:00,61.3,7.8,17.2,0.0
2020_17_NO_CAR,2020,17,CAR,2021-01-03 16:00:00,53.0,8.9,18.1,0.004
2021_01_NYJ_CAR,2021,1,CAR,2021-09-12 13:00:00,83.8,3.5,15.2,0.0
2021_02_NO_CAR,2021,2,CAR,2021-09-19 13:00:00,85.1,7.6,21.5,0.0
2021_05_PHI_CAR,2021,5,CAR,2021-10-10 13:00:00,77.1,10.5,21.9,0.0
2021_06_MIN_CAR,2021,6,CAR,2021-10-17 13:00:00,63.5,7.6,17.9,0.0
2021_09_NE_CAR,2021,9,CAR,2021-11-07 13:00:00,57.7,13.0,25.5,0.0
2021_11_WAS_CAR,2021,11,CAR,2021-11-21 13:00:00,57.2,2.8,10.1,0.0
2021_14_ATL_CAR,2021,14,CAR,2021-12-12 13:00:00,48.9,9.1,20.4,0.0
2021_16_TB_CAR,2021,16,CAR,2021-12-26 13:00:00,70.3,3.2,9.4,0.004
2022_01_CLE_CAR,2022,1,CAR,2022-09-11 13:00:00,80.7,5.9,14.3,0.004
2022_03_NO_CAR,2022,3,CAR,2022-09-25 13:00:00,71.0,11.1,25.1,0.0
2022_04_ARI_CAR,2022,4,CAR,2022-10-02 16:00:00,65.4,14.0,26.8,0.0
2022_05_SF_CAR,2022,5,CAR,2022-10-09 16:00:00,66.2,2.9,9.6,0.0
2022_07_TB_CAR,2022,7,CAR,2022-10-23 13:00:00,68.1,4.5,12.1,0.0
2022_10_ATL_CAR,2022,10,CAR,2022-11-10 20:00:00,59.1,15.3,27.3,0.024
2022_12_DEN_CAR,2022,12,CAR,2022-11-27 13:00:00,65.4,19.0,32.0,0.028
2022_15_PIT_CAR,2022,15,CAR,2022-12-18 13:00:00,44.9,7.3,15.9,0.0
2022_16_DET_CAR,2022,16,CAR,2022-12-24 13:00:00,22.6,11.1,23.5,0.0
2023_02_NO_CAR,2023,2,CAR,2023-09-18 19:00:00,74.9,2.5,6.5,0.0
2023_04_MIN_CAR,2023,4,CAR,2023-10-01 13:00:00,78.7,8.5,18.1,0.0
2023_08_HOU_CAR,2023,8,CAR,2023-10-29 13:00:00,77.7,12.0,24.2,0.0
2023_09_IND_CAR,2023,9,CAR,2023-11-05 16:00:00,71.6,1.1,7.8,0.0
2023_11_DAL_CAR,2023,11,CAR,2023-11-19 13:00:00,59.4,4.3,13.0,0.0
2023_15_ATL_CAR,2023,15,CAR,2023-12-17 13:00:00,47.0,14.6,25.3,0.189
2023_16_GB_CAR,2023,16,CAR,2023-12-24 13:00:00,58.8,1.8,8.1,0.0
2023_18_TB_CAR,2023,18,CAR,2024-01-07 13:00:00,51.6,15.7,28.6,0.0
2024_02_LAC_CAR,2024,2,CAR,2024-09-15 13:00:00,80.6,15.0,31.1,0.0
2024_04_CIN_CAR,2024,4,CAR,2024-09-29 13:00:00,78.2,4.8,16.1,0.0
2024_06_ATL_CAR,2024,6,CAR,2024-10-13 16:00:00,78.5,9.6,18.6,0.0
2024_09_NO_CAR,2024,9,CAR,2024-11-03 13:00:00,64.0,7.5,18.1,0.0
2024_10_NYG_CAR,2024,10,CAR,2024-11-10 09:00:00,48.8,4.9,10.5,0.0
2024_12_KC_CAR,2024,12,CAR,2024-11-24 13:00:00,57.4,2.6,10.1,0.0
2024_13_TB_CAR,2024,13,CAR,2024-12-01 16:00:00,49.1,6.8,16.1,0.0
2024_15_DAL_CAR,2024,15,CAR,2024-12-15 13:00:00,44.9,7.3,17.2,0.0
2024_16_ARI_CAR,2024,16,CAR,2024-12-22 13:00:00,35.8,4.3,16.3,0.0
2025_03_ATL_CAR,2025,3,CAR,2025-09-21 13:00:00,81.6,6.0,16.6,0.0
2025_05_MIA_CAR,2025,5,CAR,2025-10-05 13:00:00,77.3,7.2,19.2,0.0
2025_06_DAL_CAR,2025,6,CAR,2025-10-12 13:00:00,66.9,15.4,37.8,0.0
2025_08_BUF_CAR,2025,8,CAR,2025-10-26 13:00:00,61.1,7.1,20.4,0.0
2025_10_NO_CAR,2025,10,CAR,2025-11-09 13:00:00,71.4,12.2,27.5,0.0
2025_13_LA_CAR,2025,13,CAR,2025-11-30 13:00:00,45.2,2.4,8.3,0.0
2025_16_TB_CAR,2025,16,CAR,2025-12-21 13:00:00,56.8,7.1,16.1,0.0
2025_17_SEA_CAR,2025,17,CAR,2025-12-28 13:00:00,46.0,3.8,11.4,0.0
2025_19_LA_CAR,2025,19,CAR,2026-01-10 16:00:00,73.9,16.4,36.9,0.0
2013_01_CIN_CHI,2013,1,CHI,2013-09-08 12:00:00,74.9,11.7,21.0,0.0
2013_02_MIN_CHI,2013,2,CHI,2013-09-15 12:00:00,62.6,7.3,19.5,0.0
2013_05_NO_CHI,2013,5,CHI,2013-10-06 12:00:00,60.4,9.4,22.6,0.0
2013_06_NYG_CHI,2013,6,CHI,2013-10-10 19:00:00,67.6,6.9,8.9,0.0
2013_10_DET_CHI,2013,10,CHI,2013-11-10 12:00:00,42.7,9.7,23.5,0.0
2013_11_BAL_CHI,2013,11,CHI,2013-11-17 12:00:00,60.1,26.5,52.6,0.012
2013_14_DAL_CHI,2013,14,CHI,2013-12-09 19:00:00,15.1,15.2,30.2,0.0
2013_17_GB_CHI,2013,17,CHI,2013-12-29 15:00:00,25.6,15.3,28.0,0.0
2014_01_BUF_CHI,2014,1,CHI,2014-09-07 12:00:00,70.5,1.2,7.6,0.0
2014_04_GB_CHI,2014,4,CHI,2014-09-28 12:00:00,67.6,4.2,9.4,0.0
2014_07_MIA_CHI,2014,7,CHI,2014-10-19 12:00:00,49.6,9.5,21.7,0.0
2014_11_MIN_CHI,2014,11,CHI,2014-11-16 12:00:00,31.9,8.7,18.1,0.0
2014_12_TB_CHI,2014,12,CHI,2014-11-23 12:00:00,47.7,12.3,24.4,0.004
2014_14_DAL_CHI,2014,14,CHI,2014-12-04 19:00:00,34.3,5.7,13.9,0.0
2014_15_NO_CHI,2014,15,CHI,2014-12-15 19:00:00,42.3,10.7,21.9,0.063
2014_16_DET_CHI,2014,16,CHI,2014-12-21 12:00:00,33.9,12.5,20.6,0.0
2015_01_GB_CHI,2015,1,CHI,2015-09-13 12:00:00,63.9,7.6,17.4,0.0
2015_02_ARI_CHI,2015,2,CHI,2015-09-20 12:00:00,65.3,5.5,11.2,0.0
2015_04_OAK_CHI,2015,4,CHI,2015-10-04 12:00:00,53.4,10.3,19.9,0.0
2015_08_MIN_CHI,2015,8,CHI,2015-11-01 12:00:00,56.0,10.6,20.4,0.0
2015_11_DEN_CHI,2015,11,CHI,2015-11-22 12:00:00,21.6,6.4,14.3,0.0
2015_13_SF_CHI,2015,13,CHI,2015-12-06 12:00:00,41.2,6.8,16.1,0.0
2015_14_WAS_CHI,2015,14,CHI,2015-12-13 12:00:00,54.4,15.3,21.9,0.0
2015_17_DET_CHI,2015,17,CHI,2016-01-03 12:00:00,31.2,13.0,25.1,0.0
2016_02_PHI_CHI,2016,2,CHI,2016-09-19 19:00:00,76.1,7.4,15.7,0.0
2016_04_DET_CHI,2016,4,CHI,2016-10-02 12:00:00,63.6,5.3,13.6,0.0
2016_06_JAX_CHI,2016,6,CHI,2016-10-16 12:00:00,65.3,8.7,22.4,0.008
2016_08_MIN_CHI,2016,8,CHI,2016-10-31 19:00:00,56.6,13.4,25.7,0.0
2016_12_TEN_CHI,2016,12,CHI,2016-11-27 12:00:00,43.3,10.7,20.4,0.0
2016_13_SF_CHI,2016,13,CHI,2016-12-04 12:00:00,34.6,7.3,17.4,0.02
2016_15_GB_CHI,2016,15,CHI,2016-12-18 12:00:00,7.5,12.0,24.4,0.0
2016_16_WAS_CHI,2016,16,CHI,2016-12-24 12:00:00,33.5,1.9,8.3,0.0
2017_01_ATL_CHI,2017,1,CHI,2017-09-10 12:00:00,64.2,9.3,17.7,0.0
2017_03_PIT_CHI,2017,3,CHI,2017-09-24 12:00:00,86.3,7.4,15.9,0.0
2017_05_MIN_CHI,2017,5,CHI,2017-10-09 19:00:00,68.3,4.3,6.0,0.0
2017_07_CAR_CHI,2017,7,CHI,2017-10-22 12:00:00,69.8,17.5,25.7,0.0
2017_10_GB_CHI,2017,10,CHI,2017-11-12 12:00:00,41.4,4.5,7.8,0.008
2017_11_DET_CHI,2017,11,CHI,2017-11-19 12:00:00,33.8,15.3,24.6,0.0
2017_13_SF_CHI,2017,13,CHI,2017-12-03 12:00:00,46.2,5.5,11.0,0.0
2017_16_CLE_CHI,2017,16,CHI,2017-12-24 12:00:00,25.3,6.7,11.0,0.043
2018_02_SEA_CHI,2018,2,CHI,2018-09-17 19:00:00,78.6,5.0,7.4,0.0
2018_04_TB_CHI,2018,4,CHI,2018-09-30 12:00:00,63.6,3.5,8.1,0.02
2018_07_NE_CHI,2018,7,CHI,2018-10-21 12:00:00,42.4,10.2,18.3,0.0
2018_08_NYJ_CHI,2018,8,CHI,2018-10-28 12:00:00,49.9,21.5,32.4,0.004
2018_10_DET_CHI,2018,10,CHI,2018-11-11 12:00:00,36.2,13.6,23.3,0.0
2018_11_MIN_CHI,2018,11,CHI,2018-11-18 19:00:00,32.5,8.1,10.3,0.0
2018_14_LA_CHI,2018,14,CHI,2018-12-09 19:00:00,25.1,4.7,5.1,0.0
2018_15_GB_CHI,2018,15,CHI,2018-12-16 12:00:00,42.3,8.4,14.1,0.0
2018_18_PHI_CHI,2018,18,CHI,2019-01-06 15:00:00,36.9,11.8,20.8,0.0
2019_01_GB_CHI,2019,1,CHI,2019-09-05 19:00:00,65.9,8.9,15.2,0.0
2019_04_MIN_CHI,2019,4,CHI,2019-09-29 15:00:00,65.9,8.4,17.0,0.0
2019_07_NO_CHI,2019,7,CHI,2019-10-20 15:00:00,54.2,6.3,14.1,0.0
2019_08_LAC_CHI,2019,8,CHI,2019-10-27 12:00:00,52.2,7.9,17.0,0.0
2019_10_DET_CHI,2019,10,CHI,2019-11-10 12:00:00,40.8,11.0,17.2,0.004
2019_12_NYG_CHI,2019,12,CHI,2019-11-24 12:00:00,44.8,15.0,23.5,0.0
2019_14_DAL_CHI,2019,14,CHI,2019-12-05 19:00:00,39.9,10.2,12.3,0.0
2019_16_KC_CHI,2019,16,CHI,2019-12-22 19:00:00,40.7,13.5,18.3,0.0
2020_02_NYG_CHI,2020,2,CHI,2020-09-20 12:00:00,64.7,11.1,19.5,0.0
2020_04_IND_CHI,2020,4,CHI,2020-10-04 15:00:00,53.1,13.9,24.2,0.0
2020_05_TB_CHI,2020,5,CHI,2020-10-08 19:00:00,56.9,8.6,12.1,0.0
2020_08_NO_CHI,2020,8,CHI,2020-11-01 15:00:00,38.6,25.2,38.7,0.0
2020_10_MIN_CHI,2020,10,CHI,2020-11-16 19:00:00,41.6,10.4,13.9,0.0
2020_13_DET_CHI,2020,13,CHI,2020-12-06 12:00:00,35.1,5.9,12.3,0.0
2020_14_HOU_CHI,2020,14,CHI,2020-12-13 12:00:00,31.5,3.9,10.1,0.0
2020_17_GB_CHI,2020,17,CHI,2021-01-03 15:00:00,36.3,7.4,13.0,0.0
2021_02_CIN_CHI,2021,2,CHI,2021-09-19 12:00:00,79.4,8.3,16.8,0.0
2021_04_DET_CHI,2021,4,CHI,2021-10-03 12:00:00,72.1,3.4,11.9,0.0
2021_06_GB_CHI,2021,6,CHI,2021-10-17 12:00:00,61.6,9.8,15.9,0.0
2021_08_SF_CHI,2021,8,CHI,2021-10-31 12:00:00,53.2,15.7,23.9,0.0
2021_11_BAL_CHI,2021,11,CHI,2021-11-21 12:00:00,47.3,11.5,18.1,0.0
2021_13_ARI_CHI,2021,13,CHI,2021-12-05 12:00:00,35.6,15.1,22.8,0.059
2021_15_MIN_CHI,2021,15,CHI,2021-12-20 19:00:00,34.1,8.0,11.4,0.0
2021_17_NYG_CHI,2021,17,CHI,2022-01-02 12:00:00,21.3,16.1,22.8,0.0
2022_01_SF_CHI,2022,1,CHI,2022-09-11 12:00:00,68.5,5.8,16.1,0.016
2022_03_HOU_CHI,2022,3,CHI,2022-09-25 12:00:00,65.6,13.1,22.1,0.0
2022_06_WAS_CHI,2022,6,CHI,2022-10-13 19:00:00,44.4,11.7,24.4,0.0
2022_09_MIA_CHI,2022,9,CHI,2022-11-06 12:00:00,56.5,21.2,31.3,0.0
2022_10_DET_CHI,2022,10,CHI,2022-11-13 12:00:00,35.2,9.8,19.2,0.0
2022_13_GB_CHI,2022,13,CHI,2022-12-04 12:00:00,34.2,14.7,22.4,0.0
2022_15_PHI_CHI,2022,15,CHI,2022-12-18 12:00:00,22.6,15.7,24.8,0.0
2022_16_BUF_CHI,2022,16,CHI,2022-12-24 12:00:00,9.7,20.8,31.1,0.0
2022_18_MIN_CHI,2022,18,CHI,2023-01-08 12:00:00,31.9,1.6,6.3,0.0
2023_01_GB_CHI,2023,1,CHI,2023-09-10 15:00:00,73.7,8.7,16.3,0.0
2023_04_DEN_CHI,2023,4,CHI,2023-10-01 12:00:00,75.3,3.2,8.5,0.0
2023_06_MIN_CHI,2023,6,CHI,2023-10-15 12:00:00,53.0,16.8,25.9,0.0
2023_07_LV_CHI,2023,7,CHI,2023-10-22 12:00:00,51.8,7.2,16.3,0.0
2023_10_CAR_CHI,2023,10,CHI,2023-11-09 19:00:00,46.0,10.7,15.9,0.0
2023_14_DET_CHI,2023,14,CHI,2023-12-10 12:00:00,35.7,11.5,18.3,0.0
2023_16_ARI_CHI,2023,16,CHI,2023-12-24 15:00:00,54.9,11.2,17.2,0.0
2023_17_ATL_CHI,2023,17,CHI,2023-12-31 12:00:00,32.5,11.8,17.7,0.008
2024_01_TEN_CHI,2024,1,CHI,2024-09-08 12:00:00,68.6,9.6,19.2,0.0
2024_04_LA_CHI,2024,4,CHI,2024-09-29 12:00:00,66.0,16.0,24.2,0.004
2024_05_CAR_CHI,2024,5,CHI,2024-10-06 12:00:00,72.5,17.9,28.0,0.0
2024_06_JAX_CHI,2024,6,CHI,2024-10-13 08:00:00,58.7,7.5,10.7,0.0
2024_10_NE_CHI,2024,10,CHI,2024-11-10 12:00:00,60.0,16.4,24.2,0.0
2024_11_GB_CHI,2024,11,CHI,2024-11-17 12:00:00,53.7,7.5,17.9,0.0
2024_12_MIN_CHI,2024,12,CHI,2024-11-24 12:00:00,43.5,5.4,14.3,0.0
2024_16_DET_CHI,2024,16,CHI,2024-12-22 12:00:00,26.1,7.5,17.4,0.0
2024_17_SEA_CHI,2024,17,CHI,2024-12-26 19:00:00,44.5,8.1,15.4,0.0
2025_01_MIN_CHI,2025,1,CHI,2025-09-08 19:00:00,65.7,4.6,11.9,0.0
2025_03_DAL_CHI,2025,3,CHI,2025-09-21 15:00:00,76.6,7.4,21.0,0.0
2025_07_NO_CHI,2025,7,CHI,2025-10-19 12:00:00,51.5,12.5,30.9,0.012
2025_10_NYG_CHI,2025,10,CHI,2025-11-09 12:00:00,31.9,15.7,34.9,0.004
2025_12_PIT_CHI,2025,12,CHI,2025-11-23 12:00:00,47.3,3.8,12.5,0.0
2025_15_CLE_CHI,2025,15,CHI,2025-12-14 12:00:00,2.9,9.6,21.3,0.0
2025_16_GB_CHI,2025,16,CHI,2025-12-20 19:00:00,37.3,12.8,24.4,0.0
2025_18_DET_CHI,2025,18,CHI,2026-01-04 15:00:00,30.7,4.3,11.0,0.0
2025_19_GB_CHI,2025,19,CHI,2026-01-10 19:00:00,33.4,9.6,21.5,0.004
2025_20_LA_CHI,2025,20,CHI,2026-01-18 17:00:00,18.3,8.0,23.3,0.004
2013_02_PIT_CIN,2013,2,CIN,2013-09-16 20:00:00,68.2,6.1,12.3,0.0
2013_03_GB_CIN,2013,3,CIN,2013-09-22 13:00:00,64.4,5.5,16.8,0.0
2013_05_NE_CIN,2013,5,CIN,2013-10-06 13:00:00,71.0,11.4,30.4,0.012
2013_08_NYJ_CIN,2013,8,CIN,2013-10-27 16:00:00,57.0,3.0,11.2,0.0
2013_11_CLE_CIN,2013,11,CIN,2013-11-17 13:00:00,61.6,14.4,38.9,0.028
2013_14_IND_CIN,2013,14,CIN,2013-12-08 13:00:00,27.8,6.3,19.0,0.016
2013_16_MIN_CIN,2013,16,CIN,2013-12-22 13:00:00,55.8,13.0,27.3,0.0
2013_17_BAL_CIN,2013,17,CIN,2013-12-29 13:00:00,41.3,7.5,15.0,0.024
2013_18_SD_CIN,2013,18,CIN,2014-01-05 13:00:00,40.8,7.6,18.8,0.0
2014_02_ATL_CIN,2014,2,CIN,2014-09-14 13:00:00,65.9,2.6,12.1,0.0
2014_03_TEN_CIN,2014,3,CIN,2014-09-21 13:00:00,75.3,11.5,29.5,0.0
2014_06_CAR_CIN,2014,6,CIN,2014-10-12 13:00:00,61.3,5.2,15.4,0.0
2014_08_BAL_CIN,2014,8,CIN,2014-10-26 13:00:00,62.7,2.6,9.4,0.0
2014_09_JAX_CIN,2014,9,CIN,2014-11-02 13:00:00,43.2,1.8,10.7,0.0
2014_10_CLE_CIN,2014,10,CIN,2014-11-06 20:00:00,45.3,14.2,32.7,0.0
2014_14_PIT_CIN,2014,14,CIN,2014-12-07 13:00:00,39.2,8.1,21.5,0.0
2014_16_DEN_CIN,2014,16,CIN,2014-12-22 20:00:00,43.3,8.8,18.6,0.0
2015_02_SD_CIN,2015,2,CIN,2015-09-20 13:00:00,69.3,8.1,21.3,0.0
2015_04_KC_CIN,2015,4,CIN,2015-10-04 13:00:00,69.4,8.7,19.7,0.0
2015_05_SEA_CIN,2015,5,CIN,2015-10-11 13:00:00,68.3,4.8,14.8,0.0
2015_09_CLE_CIN,2015,9,CIN,2015-11-05 20:00:00,68.2,7.4,13.2,0.0
2015_10_HOU_CIN,2015,10,CIN,2015-11-16 20:00:00,52.2,3.8,6.5,0.0
2015_12_STL_CIN,2015,12,CIN,2015-11-29 13:00:00,42.9,7.2,16.6,0.0
2015_14_PIT_CIN,2015,14,CIN,2015-12-13 13:00:00,61.3,7.8,15.4,0.0
2015_17_BAL_CIN,2015,17,CIN,2016-01-03 13:00:00,37.0,7.3,17.7,0.0
2015_18_PIT_CIN,2015,18,CIN,2016-01-09 20:00:00,49.9,6.4,13.4,0.0
2016_03_DEN_CIN,2016,3,CIN,2016-09-25 13:00:00,81.8,1.4,9.2,0.0
2016_04_MIA_CIN,2016,4,CIN,2016-09-29 20:00:00,61.1,4.2,10.7,0.012
2016_07_CLE_CIN,2016,7,CIN,2016-10-23 13:00:00,65.5,9.5,23.0,0.0
2016_08_WAS_CIN,2016,8,CIN,2016-10-30 09:00:00,63.2,8.4,16.3,0.0
2016_11_BUF_CIN,2016,11,CIN,2016-11-20 13:00:00,37.7,9.6,24.4,0.0
2016_13_PHI_CIN,2016,13,CIN,2016-12-04 13:00:00,43.8,7.6,19.0,0.0
2016_15_PIT_CIN,2016,15,CIN,2016-12-18 13:00:00,27.6,9.6,25.5,0.0
2016_17_BAL_CIN,2016,17,CIN,2017-01-01 13:00:00,42.0,3.8,10.5,0.0
2017_01_BAL_CIN,2017,1,CIN,2017-09-10 13:00:00,68.6,7.9,19.7,0.0
2017_02_HOU_CIN,2017,2,CIN,2017-09-14 20:00:00,68.0,1.8,5.1,0.0
2017_05_BUF_CIN,2017,5,CIN,2017-10-08 13:00:00,65.8,6.5,13.4,0.051
2017_08_IND_CIN,2017,8,CIN,2017-10-29 13:00:00,40.1,7.6,17.2,0.0
2017_12_CLE_CIN,2017,12,CIN,2017-11-26 13:00:00,45.4,5.5,14.1,0.0
2017_13_PIT_CIN,2017,13,CIN,2017-12-04 20:00:00,57.9,13.1,25.9,0.0
2017_14_CHI_CIN,2017,14,CIN,2017-12-10 13:00:00,33.0,12.0,26.2,0.0
2017_16_DET_CIN,2017,16,CIN,2017-12-24 13:00:00,37.3,3.1,14.3,0.0
2018_02_BAL_CIN,2018,2,CIN,2018-09-13 20:00:00,77.1,2.8,6.3,0.0
2018_05_MIA_CIN,2018,5,CIN,2018-10-07 13:00:00,83.4,4.8,17.4,0.004
2018_06_PIT_CIN,2018,6,CIN,2018-10-14 13:00:00,51.0,6.6,16.1,0.0
2018_08_TB_CIN,2018,8,CIN,2018-10-28 13:00:00,58.4,13.6,30.4,0.008
2018_10_NO_CIN,2018,10,CIN,2018-11-11 13:00:00,37.8,5.6,14.5,0.0
2018_12_CLE_CIN,2018,12,CIN,2018-11-25 13:00:00,55.1,5.1,13.4,0.0
2018_13_DEN_CIN,2018,13,CIN,2018-12-02 13:00:00,61.9,14.9,30.6,0.0
2018_15_OAK_CIN,2018,15,CIN,2018-12-16 13:00:00,45.9,1.3,13.6,0.0
2019_02_SF_CIN,2019,2,CIN,2019-09-15 13:00:00,81.5,6.3,16.3,0.0
2019_05_ARI_CIN,2019,5,CIN,2019-10-06 13:00:00,76.7,8.8,29.1,0.0
2019_07_JAX_CIN,2019,7,CIN,2019-10-20 13:00:00,68.6,1.3,8.3,0.0
2019_10_BAL_CIN,2019,10,CIN,2019-11-10 13:00:00,54.3,9.4,21.3,0.0
2019_12_PIT_CIN,2019,12,CIN,2019-11-24 13:00:00,41.7,11.4,24.4,0.0
2019_13_NYJ_CIN,2019,13,CIN,2019-12-01 13:00:00,47.5,15.0,35.3,0.004
2019_15_NE_CIN,2019,15,CIN,2019-12-15 13:00:00,35.4,3.2,12.3,0.0
2019_17_CLE_CIN,2019,17,CIN,2019-12-29 13:00:00,61.3,13.2,29.3,0.063
2020_01_LAC_CIN,2020,1,CIN,2020-09-13 16:00:00,82.2,4.2,12.3,0.0
2020_04_JAX_CIN,2020,4,CIN,2020-10-04 13:00:00,64.6,6.9,17.4,0.0
2020_07_CLE_CIN,2020,7,CIN,2020-10-25 13:00:00,48.8,7.4,19.0,0.0
2020_08_TEN_CIN,2020,8,CIN,2020-11-01 13:00:00,49.6,17.8,37.8,0.0
2020_12_NYG_CIN,2020,12,CIN,2020-11-29 13:00:00,48.9,5.6,14.5,0.0
2020_14_DAL_CIN,2020,14,CIN,2020-12-13 13:00:00,44.0,0.5,8.1,0.0
2020_15_PIT_CIN,2020,15,CIN,2020-12-21 20:00:00,43.1,12.8,25.9,0.0
2020_17_BAL_CIN,2020,17,CIN,2021-01-03 13:00:00,38.0,11.2,22.6,0.0
2021_01_MIN_CIN,2021,1,CIN,2021-09-12 13:00:00,84.7,11.9,26.6,0.0
2021_04_JAX_CIN,2021,4,CIN,2021-09-30 20:00:00,67.1,5.2,9.2,0.0
2021_05_GB_CIN,2021,5,CIN,2021-10-10 13:00:00,80.4,10.1,22.8,0.0
2021_09_CLE_CIN,2021,9,CIN,2021-11-07 13:00:00,55.9,1.9,8.1,0.0
2021_12_PIT_CIN,2021,12,CIN,2021-11-28 13:00:00,41.1,9.0,19.9,0.0
2021_13_LAC_CIN,2021,13,CIN,2021-12-05 13:00:00,49.5,7.5,16.6,0.0
2021_14_SF_CIN,2021,14,CIN,2021-12-12 16:00:00,47.1,9.0,19.9,0.0
2021_16_BAL_CIN,2021,16,CIN,2021-12-26 13:00:00,50.2,0.4,6.7,0.0
2021_17_KC_CIN,2021,17,CIN,2022-01-02 13:00:00,34.5,10.3,21.7,0.0
2021_19_LV_CIN,2021,19,CIN,2022-01-15 16:00:00,34.1,9.5,20.6,0.0
2022_01_PIT_CIN,2022,1,CIN,2022-09-11 13:00:00,75.2,7.2,18.1,0.004
2022_04_MIA_CIN,2022,4,CIN,2022-09-29 20:00:00,57.7,6.8,12.8,0.0
2022_07_ATL_CIN,2022,7,CIN,2022-10-23 13:00:00,73.9,8.7,19.0,0.0
2022_09_CAR_CIN,2022,9,CIN,2022-11-06 13:00:00,66.3,7.9,18.3,0.0
2022_13_KC_CIN,2022,13,CIN,2022-12-04 16:00:00,41.1,4.4,12.3,0.0
2022_14_CLE_CIN,2022,14,CIN,2022-12-11 13:00:00,44.2,4.8,12.3,0.0
2022_18_BAL_CIN,2022,18,CIN,2023-01-08 13:00:00,37.9,5.0,12.5,0.0
2022_19_BAL_CIN,2022,19,CIN,2023-01-15 20:00:00,31.3,6.8,10.1,0.0
2023_02_BAL_CIN,2023,2,CIN,2023-09-17 13:00:00,73.2,3.2,12.1,0.0
2023_03_LA_CIN,2023,3,CIN,2023-09-25 20:00:00,68.5,5.7,14.1,0.0
2023_06_SEA_CIN,2023,6,CIN,2023-10-15 13:00:00,56.8,10.6,22.6,0.0
2023_09_BUF_CIN,2023,9,CIN,2023-11-05 20:00:00,50.0,4.2,4.9,0.0
2023_10_HOU_CIN,2023,10,CIN,2023-11-12 13:00:00,51.4,7.4,17.2,0.0
2023_12_PIT_CIN,2023,12,CIN,2023-11-26 13:00:00,46.3,9.0,19.2,0.016
2023_14_IND_CIN,2023,14,CIN,2023-12-10 13:00:00,39.7,8.6,19.2,0.0
2023_15_MIN_CIN,2023,15,CIN,2023-12-16 13:00:00,49.9,6.7,15.0,0.0
2023_18_CLE_CIN,2023,18,CIN,2024-01-07 13:00:00,35.8,15.0,28.9,0.004
2024_01_NE_CIN,2024,1,CIN,2024-09-08 13:00:00,65.1,1.8,9.6,0.0
2024_03_WAS_CIN,2024,3,CIN,2024-09-23 20:00:00,75.9,2.7,4.9,0.012
2024_05_BAL_CIN,2024,5,CIN,2024-10-06 13:00:00,79.9,11.7,24.6,0.0
2024_08_PHI_CIN,2024,8,CIN,2024-10-27 13:00:00,56.4,3.8,12.3,0.0
2024_09_LV_CIN,2024,9,CIN,2024-11-03 13:00:00,62.4,6.9,16.1,0.0
2024_13_PIT_CIN,2024,13,CIN,2024-12-01 13:00:00,29.5,7.1,19.0,0.0
2024_16_CLE_CIN,2024,16,CIN,2024-12-22 13:00:00,30.2,2.8,12.3,0.0
2024_17_DEN_CIN,2024,17,CIN,2024-12-28 16:00:00,60.3,6.5,19.2,0.0
2025_02_JAX_CIN,2025,2,CIN,2025-09-14 13:00:00,83.0,3.0,12.3,0.0
2025_05_DET_CIN,2025,5,CIN,2025-10-05 16:00:00,82.0,6.3,17.7,0.0
2025_07_PIT_CIN,2025,7,CIN,2025-10-16 20:00:00,59.4,3.5,5.6,0.0
2025_08_NYJ_CIN,2025,8,CIN,2025-10-26 13:00:00,57.1,7.2,18.3,0.0
2025_09_CHI_CIN,2025,9,CIN,2025-11-02 13:00:00,47.9,2.0,7.8,0.0
2025_12_NE_CIN,2025,12,CIN,2025-11-23 13:00:00,51.4,3.5,11.9,0.0
2025_15_BAL_CIN,2025,15,CIN,2025-12-14 13:00:00,3.8,8.5,19.2,0.0
2025_17_ARI_CIN,2025,17,CIN,2025-12-28 13:00:00,63.2,13.4,27.5,0.004
2025_18_CLE_CIN,2025,18,CIN,2026-01-04 13:00:00,33.8,1.1,8.5,0.0
2013_01_MIA_CLE,2013,1,CLE,2013-09-08 13:00:00,71.5,13.6,25.1,0.0
2013_04_CIN_CLE,2013,4,CLE,2013-09-29 13:00:00,70.0,10.5,19.5,0.0
2013_05_BUF_CLE,2013,5,CLE,2013-10-03 20:00:00,69.4,6.3,11.4,0.0
2013_06_DET_CLE,2013,6,CLE,2013-10-13 13:00:00,67.5,6.3,11.9,0.024
2013_09_BAL_CLE,2013,9,CLE,2013-11-03 16:00:00,42.8,8.9,17.9,0.0
2013_12_PIT_CLE,2013,12,CLE,2013-11-24 13:00:00,26.0,15.9,29.3,0.0
2013_13_JAX_CLE,2013,13,CLE,2013-12-01 13:00:00,41.0,9.1,15.0,0.0
2013_15_CHI_CLE,2013,15,CLE,2013-12-15 13:00:00,25.4,18.8,28.4,0.004
2014_02_NO_CLE,2014,2,CLE,2014-09-14 13:00:00,58.3,2.6,11.0,0.0
2014_03_BAL_CLE,2014,3,CLE,2014-09-21 13:00:00,68.2,15.9,30.2,0.0
2014_06_PIT_CLE,2014,6,CLE,2014-10-12 13:00:00,58.5,8.0,18.6,0.0
2014_08_OAK_CLE,2014,8,CLE,2014-10-26 16:00:00,55.2,11.8,23.7,0.0
2014_09_TB_CLE,2014,9,CLE,2014-11-02 13:00:00,42.3,8.4,20.8,0.0
2014_11_HOU_CLE,2014,11,CLE,2014-11-16 13:00:00,36.1,10.8,17.2,0.0
2014_14_IND_CLE,2014,14,CLE,2014-12-07 13:00:00,35.8,11.3,20.1,0.0
2014_15_CIN_CLE,2014,15,CLE,2014-12-14 13:00:00,40.9,7.0,18.6,0.0
2015_02_TEN_CLE,2015,2,CLE,2015-09-20 13:00:00,64.5,8.4,17.4,0.0
2015_03_OAK_CLE,2015,3,CLE,2015-09-27 13:00:00,67.5,10.0,21.7,0.0
2015_06_DEN_CLE,2015,6,CLE,2015-10-18 13:00:00,44.8,14.6,27.7,0.004
2015_08_ARI_CLE,2015,8,CLE,2015-11-01 13:00:00,57.8,16.3,28.0,0.0
2015_12_BAL_CLE,2015,12,CLE,2015-11-30 20:00:00,41.8,9.0,16.1,0.0
2015_13_CIN_CLE,2015,13,CLE,2015-12-06 13:00:00,44.8,6.4,13.4,0.0
2015_14_SF_CLE,2015,14,CLE,2015-12-13 13:00:00,61.0,11.0,18.3,0.0
2015_17_PIT_CLE,2015,17,CLE,2016-01-03 13:00:00,33.9,14.0,24.4,0.0
2016_02_BAL_CLE,2016,2,CLE,2016-09-18 13:00:00,76.3,4.0,13.6,0.0
2016_05_NE_CLE,2016,5,CLE,2016-10-09 13:00:00,56.1,10.8,19.2,0.0
2016_08_NYJ_CLE,2016,8,CLE,2016-10-30 13:00:00,51.7,8.2,17.0,0.043
2016_09_DAL_CLE,2016,9,CLE,2016-11-06 13:00:00,58.7,1.7,8.1,0.0
2016_11_PIT_CLE,2016,11,CLE,2016-11-20 13:00:00,35.6,22.1,39.4,0.0
2016_12_NYG_CLE,2016,12,CLE,2016-11-27 13:00:00,44.8,10.6,16.3,0.0
2016_14_CIN_CLE,2016,14,CLE,2016-12-11 13:00:00,30.4,12.9,22.6,0.004
2016_16_SD_CLE,2016,16,CLE,2016-12-24 13:00:00,36.9,9.4,19.9,0.0
2017_01_PIT_CLE,2017,1,CLE,2017-09-10 13:00:00,65.3,7.4,15.4,0.0
2017_04_CIN_CLE,2017,4,CLE,2017-10-01 13:00:00,63.1,3.2,12.3,0.0
2017_05_NYJ_CLE,2017,5,CLE,2017-10-08 13:00:00,67.9,7.5,15.2,0.0
2017_07_TEN_CLE,2017,7,CLE,2017-10-22 13:00:00,72.3,12.0,19.9,0.0
2017_08_MIN_CLE,2017,8,CLE,2017-10-29 21:00:00,46.0,15.6,24.4,0.004
2017_11_JAX_CLE,2017,11,CLE,2017-11-19 13:00:00,38.8,21.1,33.6,0.012
2017_14_GB_CLE,2017,14,CLE,2017-12-10 13:00:00,30.4,19.1,31.8,0.0
2017_15_BAL_CLE,2017,15,CLE,2017-12-17 13:00:00,36.6,5.0,11.4,0.0
2018_01_PIT_CLE,2018,1,CLE,2018-09-09 13:00:00,59.0,17.5,28.6,0.039
2018_03_NYJ_CLE,2018,3,CLE,2018-09-20 20:00:00,78.4,11.9,14.1,0.0
2018_05_BAL_CLE,2018,5,CLE,2018-10-07 13:00:00,67.0,9.5,17.9,0.0
2018_06_LAC_CLE,2018,6,CLE,2018-10-14 13:00:00,54.0,5.7,15.4,0.0
2018_09_KC_CLE,2018,9,CLE,2018-11-04 13:00:00,53.4,14.4,24.2,0.0
2018_10_ATL_CLE,2018,10,CLE,2018-11-11 13:00:00,37.4,10.0,18.6,0.0
2018_14_CAR_CLE,2018,14,CLE,2018-12-09 13:00:00,28.2,1.6,10.1,0.0
2018_16_CIN_CLE,2018,16,CLE,2018-12-23 13:00:00,39.6,9.1,15.4,0.0
2019_01_TEN_CLE,2019,1,CLE,2019-09-08 13:00:00,68.1,11.2,20.1,0.0
2019_03_LA_CLE,2019,3,CLE,2019-09-22 20:00:00,76.2,8.3,11.9,0.0
2019_06_SEA_CLE,2019,6,CLE,2019-10-13 13:00:00,61.2,16.5,26.8,0.0
2019_10_BUF_CLE,2019,10,CLE,2019-11-10 13:00:00,48.6,10.5,18.6,0.0
2019_11_PIT_CLE,2019,11,CLE,2019-11-14 20:00:00,36.0,10.9,15.0,0.0
2019_12_MIA_CLE,2019,12,CLE,2019-11-24 13:00:00,40.1,14.9,26.6,0.0
2019_14_CIN_CLE,2019,14,CLE,2019-12-08 13:00:00,46.1,16.7,26.8,0.0
2019_16_BAL_CLE,2019,16,CLE,2019-12-22 13:00:00,46.9,10.9,17.7,0.0
2020_02_CIN_CLE,2020,2,CLE,2020-09-17 20:00:00,62.6,8.2,13.0,0.0
2020_03_WAS_CLE,2020,3,CLE,2020-09-27 13:00:00,78.3,14.2,23.7,0.0
2020_05_IND_CLE,2020,5,CLE,2020-10-11 16:00:00,61.0,16.7,27.1,0.0
2020_08_LV_CLE,2020,8,CLE,2020-11-01 13:00:00,46.0,29.7,47.6,0.004
2020_10_HOU_CLE,2020,10,CLE,2020-11-15 13:00:00,54.7,25.0,42.1,0.004
2020_11_PHI_CLE,2020,11,CLE,2020-11-22 13:00:00,40.5,8.2,16.3,0.055
2020_14_BAL_CLE,2020,14,CLE,2020-12-14 20:00:00,33.4,16.3,28.2,0.0
2020_17_PIT_CLE,2020,17,CLE,2021-01-03 13:00:00,37.6,12.1,19.2,0.004
2021_02_HOU_CLE,2021,2,CLE,2021-09-19 13:00:00,75.5,9.2,17.2,0.0
2021_03_CHI_CLE,2021,3,CLE,2021-09-26 13:00:00,67.3,15.7,25.9,0.0
2021_06_ARI_CLE,2021,6,CLE,2021-10-17 16:00:00,57.1,15.5,27.1,0.0
2021_07_DEN_CLE,2021,7,CLE,2021-10-21 20:00:00,57.2,20.1,34.7,0.0
2021_08_PIT_CLE,2021,8,CLE,2021-10-31 13:00:00,54.3,17.2,29.1,0.0
2021_11_DET_CLE,2021,11,CLE,2021-11-21 13:00:00,44.8,12.2,18.1,0.016
2021_14_BAL_CLE,2021,14,CLE,2021-12-12 13:00:00,43.3,15.0,24.2,0.0
2021_15_LV_CLE,2021,15,CLE,2021-12-20 17:00:00,41.3,9.9,18.1,0.0
2021_18_CIN_CLE,2021,18,CLE,2022-01-09 13:00:00,37.6,19.9,30.0,0.004
2022_02_NYJ_CLE,2022,2,CLE,2022-09-18 13:00:00,80.4,13.1,20.6,0.0
2022_03_PIT_CLE,2022,3,CLE,2022-09-22 20:00:00,59.5,18.2,29.8,0.0
2022_05_LAC_CLE,2022,5,CLE,2022-10-09 13:00:00,58.2,13.7,22.6,0.0
2022_06_NE_CLE,2022,6,CLE,2022-10-16 13:00:00,61.5,10.1,19.7,0.0
2022_08_CIN_CLE,2022,8,CLE,2022-10-31 20:00:00,58.0,7.2,11.9,0.0
2022_12_TB_CLE,2022,12,CLE,2022-11-27 13:00:00,53.9,16.9,28.0,0.02
2022_15_BAL_CLE,2022,15,CLE,2022-12-17 16:00:00,33.6,15.1,24.6,0.0
2022_16_NO_CLE,2022,16,CLE,2022-12-24 13:00:00,5.0,28.0,45.9,0.0
2023_01_CIN_CLE,2023,1,CLE,2023-09-10 13:00:00,68.4,7.6,10.7,0.0
2023_03_TEN_CLE,2023,3,CLE,2023-09-24 13:00:00,62.6,15.0,19.7,0.0
2023_04_BAL_CLE,2023,4,CLE,2023-10-01 13:00:00,68.1,9.2,13.0,0.0
2023_06_SF_CLE,2023,6,CLE,2023-10-15 13:00:00,52.3,15.9,21.5,0.004
2023_09_ARI_CLE,2023,9,CLE,2023-11-05 13:00:00,51.3,6.6,9.8,0.0
2023_11_PIT_CLE,2023,11,CLE,2023-11-19 13:00:00,46.0,12.9,17.9,0.0
2023_14_JAX_CLE,2023,14,CLE,2023-12-10 13:00:00,38.8,11.4,17.7,0.0
2023_15_CHI_CLE,2023,15,CLE,2023-12-17 13:00:00,43.9,19.5,25.7,0.039
2023_17_NYJ_CLE,2023,17,CLE,2023-12-28 20:00:00,42.8,8.0,8.9,0.0
2024_01_DAL_CLE,2024,1,CLE,2024-09-08 16:00:00,63.6,13.5,17.4,0.0
2024_03_NYG_CLE,2024,3,CLE,2024-09-22 13:00:00,79.5,0.7,4.5,0.0
2024_07_CIN_CLE,2024,7,CLE,2024-10-20 13:00:00,62.9,8.6,10.5,0.0
2024_08_BAL_CLE,2024,8,CLE,2024-10-27 13:00:00,52.9,3.1,11.0,0.0
2024_09_LAC_CLE,2024,9,CLE,2024-11-03 13:00:00,56.8,9.2,13.6,0.0
2024_12_PIT_CLE,2024,12,CLE,2024-11-21 20:00:00,37.0,13.5,20.1,0.02
2024_15_KC_CLE,2024,15,CLE,2024-12-15 13:00:00,39.3,18.4,28.4,0.008
2024_17_MIA_CLE,2024,17,CLE,2024-12-29 16:00:00,50.6,14.0,17.0,0.031
2025_01_CIN_CLE,2025,1,CLE,2025-09-07 13:00:00,61.1,8.1,13.4,0.0
2025_03_GB_CLE,2025,3,CLE,2025-09-21 13:00:00,77.8,7.4,11.6,0.0
2025_05_MIN_CLE,2025,5,CLE,2025-10-05 09:00:00,65.5,7.7,11.9,0.0
2025_07_MIA_CLE,2025,7,CLE,2025-10-19 13:00:00,61.8,18.7,25.7,0.13
2025_11_BAL_CLE,2025,11,CLE,2025-11-16 16:00:00,42.8,21.4,31.3,0.008
2025_13_SF_CLE,2025,13,CLE,2025-11-30 13:00:00,34.2,24.2,35.3,0.0
2025_14_TEN_CLE,2025,14,CLE,2025-12-07 13:00:00,33.1,4.7,7.8,0.012
2025_16_BUF_CLE,2025,16,CLE,2025-12-21 13:00:00,27.1,16.6,23.5,0.0
2025_17_PIT_CLE,2025,17,CLE,2025-12-28 13:00:00,42.8,13.2,15.9,0.016
2021_03_PHI_DAL,2021,3,DAL,2021-09-27 19:00:00,82.4,4.7,11.9,0.0
2022_08_CHI_DAL,2022,8,DAL,2022-10-30 12:00:00,67.9,7.7,15.4,0.0
2023_02_NYJ_DAL,2023,2,DAL,2023-09-17 15:00:00,86.3,4.7,12.8,0.0
2013_01_BAL_DEN,2013,1,DEN,2013-09-05 18:00:00,89.2,7.1,17.0,0.0
2013_03_OAK_DEN,2013,3,DEN,2013-09-23 18:00:00,63.6,6.0,21.9,0.0
2013_04_PHI_DEN,2013,4,DEN,2013-09-29 14:00:00,73.6,3.8,14.1,0.0
2013_06_JAX_DEN,2013,6,DEN,2013-10-13 14:00:00,64.0,6.7,17.0,0.0
2013_08_WAS_DEN,2013,8,DEN,2013-10-27 14:00:00,65.6,0.7,9.4,0.0
2013_11_KC_DEN,2013,11,DEN,2013-11-17 18:00:00,46.9,8.3,10.7,0.0
2013_14_TEN_DEN,2013,14,DEN,2013-12-08 14:00:00,16.5,4.1,8.3,0.0
2013_15_SD_DEN,2013,15,DEN,2013-12-12 18:00:00,31.6,2.9,8.5,0.0
2013_19_SD_DEN,2013,19,DEN,2014-01-12 14:00:00,36.2,12.8,23.9,0.0
2013_20_NE_DEN,2013,20,DEN,2014-01-19 13:00:00,51.6,5.4,14.3,0.0
2013_21_SEA_DEN,2013,21,DEN,2014-02-02 16:00:00,22.5,1.8,7.6,0.0
2014_01_IND_DEN,2014,1,DEN,2014-09-07 18:00:00,78.7,2.9,11.6,0.0
2014_02_KC_DEN,2014,2,DEN,2014-09-14 14:00:00,80.9,2.9,13.6,0.0
2014_05_ARI_DEN,2014,5,DEN,2014-10-05 14:00:00,71.7,8.0,19.0,0.0
2014_07_SF_DEN,2014,7,DEN,2014-10-19 18:00:00,66.2,4.5,8.3,0.0
2014_08_SD_DEN,2014,8,DEN,2014-10-23 18:00:00,68.7,5.4,7.2,0.0
2014_12_MIA_DEN,2014,12,DEN,2014-11-23 14:00:00,39.5,6.3,19.7,0.004
2014_14_BUF_DEN,2014,14,DEN,2014-12-07 14:00:00,55.3,4.7,11.6,0.0
2014_17_OAK_DEN,2014,17,DEN,2014-12-28 14:00:00,28.5,3.2,6.7,0.0
2014_19_IND_DEN,2014,19,DEN,2015-01-11 14:00:00,35.9,2.5,5.4,0.0
2015_01_BAL_DEN,2015,1,DEN,2015-09-13 14:00:00,88.2,3.0,12.8,0.0
2015_04_MIN_DEN,2015,4,DEN,2015-10-04 14:00:00,65.1,7.5,17.9,0.0
2015_08_GB_DEN,2015,8,DEN,2015-11-01 18:00:00,61.6,3.6,6.3,0.0
2015_10_KC_DEN,2015,10,DEN,2015-11-15 14:00:00,58.3,2.5,10.1,0.0
2015_12_NE_DEN,2015,12,DEN,2015-11-29 18:00:00,22.3,4.2,5.1,0.0
2015_14_OAK_DEN,2015,14,DEN,2015-12-13 14:00:00,40.7,4.5,9.4,0.0
2015_16_CIN_DEN,2015,16,DEN,2015-12-28 18:00:00,17.7,0.4,3.8,0.0
2015_17_SD_DEN,2015,17,DEN,2016-01-03 14:00:00,38.4,3.4,7.2,0.0
2015_19_PIT_DEN,2015,19,DEN,2016-01-17 14:00:00,34.1,2.6,5.8,0.0
2015_20_NE_DEN,2015,20,DEN,2016-01-24 13:00:00,40.8,4.3,9.6,0.0
2015_21_CAR_DEN,2015,21,DEN,2016-02-07 16:00:00,30.1,6.3,9.2,0.0
2016_01_CAR_DEN,2016,1,DEN,2016-09-08 18:00:00,85.0,8.2,14.5,0.0
2016_02_IND_DEN,2016,2,DEN,2016-09-18 14:00:00,83.8,1.4,11.2,0.0
2016_05_ATL_DEN,2016,5,DEN,2016-10-09 14:00:00,73.8,4.0,13.9,0.0
2016_07_HOU_DEN,2016,7,DEN,2016-10-24 18:00:00,70.9,4.3,12.8,0.0
2016_08_SD_DEN,2016,8,DEN,2016-10-30 14:00:00,74.2,5.3,15.4,0.0
2016_12_KC_DEN,2016,12,DEN,2016-11-27 18:00:00,41.2,6.1,18.1,0.0
2016_15_NE_DEN,2016,15,DEN,2016-12-18 14:00:00,23.4,2.5,5.1,0.0
2016_17_OAK_DEN,2016,17,DEN,2017-01-01 14:00:00,46.4,5.8,14.3,0.0
2017_01_LAC_DEN,2017,1,DEN,2017-09-11 20:00:00,70.6,10.3,15.4,0.0
2017_02_DAL_DEN,2017,2,DEN,2017-09-17 14:00:00,69.1,4.3,18.8,0.008
2017_04_OAK_DEN,2017,4,DEN,2017-10-01 14:00:00,71.4,9.9,17.4,0.031
2017_06_NYG_DEN,2017,6,DEN,2017-10-15 18:00:00,53.3,6.2,10.1,0.0
2017_10_NE_DEN,2017,10,DEN,2017-11-12 18:00:00,43.9,5.4,7.6,0.0
2017_11_CIN_DEN,2017,11,DEN,2017-11-19 14:00:00,60.3,4.9,15.9,0.0
2017_14_NYJ_DEN,2017,14,DEN,2017-12-10 14:00:00,58.6,2.2,8.7,0.0
2017_17_KC_DEN,2017,17,DEN,2017-12-31 14:00:00,22.4,9.6,20.1,0.0
2018_01_SEA_DEN,2018,1,DEN,2018-09-09 14:00:00,83.9,2.8,16.3,0.0
2018_02_OAK_DEN,2018,2,DEN,2018-09-16 14:00:00,91.1,5.9,14.5,0.0
2018_04_KC_DEN,2018,4,DEN,2018-10-01 18:00:00,63.7,2.9,11.6,0.0
2018_06_LA_DEN,2018,6,DEN,2018-10-14 14:00:00,26.8,4.3,13.9,0.008
2018_09_HOU_DEN,2018,9,DEN,2018-11-04 14:00:00,52.4,7.3,15.9,0.0
2018_12_PIT_DEN,2018,12,DEN,2018-11-25 14:00:00,38.8,5.8,14.1,0.0
2018_15_CLE_DEN,2018,15,DEN,2018-12-15 18:00:00,37.9,7.7,4.7,0.0
2018_17_LAC_DEN,2018,17,DEN,2018-12-30 14:00:00,51.4,7.6,14.1,0.0
2019_02_CHI_DEN,2019,2,DEN,2019-09-15 14:00:00,89.6,6.5,15.4,0.0
2019_04_JAX_DEN,2019,4,DEN,2019-09-29 14:00:00,85.2,15.9,30.2,0.0
2019_06_TEN_DEN,2019,6,DEN,2019-10-13 14:00:00,68.5,2.3,9.4,0.0
2019_07_KC_DEN,2019,7,DEN,2019-10-17 18:00:00,64.9,6.7,14.3,0.0
2019_09_CLE_DEN,2019,9,DEN,2019-11-03 14:00:00,47.4,1.8,4.9,0.0
2019_13_LAC_DEN,2019,13,DEN,2019-12-01 14:00:00,25.3,5.6,7.6,0.0
2019_16_DET_DEN,2019,16,DEN,2019-12-22 14:00:00,55.1,5.1,10.5,0.0
2019_17_OAK_DEN,2019,17,DEN,2019-12-29 14:00:00,29.0,8.2,15.2,0.0
2020_01_TEN_DEN,2020,1,DEN,2020-09-14 20:00:00,67.5,6.6,8.1,0.0
2020_03_TB_DEN,2020,3,DEN,2020-09-27 14:00:00,56.7,6.3,15.4,0.0
2020_07_KC_DEN,2020,7,DEN,2020-10-25 14:00:00,18.1,11.2,22.6,0.012
2020_08_LAC_DEN,2020,8,DEN,2020-11-01 14:00:00,62.8,11.1,20.6,0.0
2020_11_MIA_DEN,2020,11,DEN,2020-11-22 14:00:00,44.3,4.1,11.2,0.0
2020_12_NO_DEN,2020,12,DEN,2020-11-29 14:00:00,37.0,3.1,11.4,0.0
2020_15_BUF_DEN,2020,15,DEN,2020-12-19 14:00:00,43.9,13.2,28.4,0.0
2020_17_LV_DEN,2020,17,DEN,2021-01-03 14:00:00,48.5,7.4,14.1,0.0
2021_03_NYJ_DEN,2021,3,DEN,2021-09-26 14:00:00,87.4,7.4,17.0,0.0
2021_04_BAL_DEN,2021,4,DEN,2021-10-03 14:00:00,75.6,3.4,12.5,0.0
2021_06_LV_DEN,2021,6,DEN,2021-10-17 14:00:00,70.7,5.4,13.2,0.0
2021_08_WAS_DEN,2021,8,DEN,2021-10-31 14:00:00,43.0,3.3,11.0,0.0
2021_10_PHI_DEN,2021,10,DEN,2021-11-14 14:00:00,68.6,4.3,10.3,0.0
2021_12_LAC_DEN,2021,12,DEN,2021-11-28 14:00:00,65.3,3.5,15.0,0.0
2021_14_DET_DEN,2021,14,DEN,2021-12-12 14:00:00,59.0,2.0,7.8,0.0
2021_15_CIN_DEN,2021,15,DEN,2021-12-19 14:00:00,57.7,4.0,14.8,0.0
2021_18_KC_DEN,2021,18,DEN,2022-01-08 14:00:00,35.1,3.4,11.9,0.0
2022_02_HOU_DEN,2022,2,DEN,2022-09-18 14:00:00,83.2,6.1,14.3,0.0
2022_03_SF_DEN,2022,3,DEN,2022-09-25 18:00:00,72.4,6.4,15.7,0.0
2022_05_IND_DEN,2022,5,DEN,2022-10-06 18:00:00,68.5,2.9,11.0,0.0
2022_07_NYJ_DEN,2022,7,DEN,2022-10-23 14:00:00,65.8,19.4,33.6,0.0
2022_11_LV_DEN,2022,11,DEN,2022-11-20 14:00:00,49.6,6.1,12.5,0.0
2022_14_KC_DEN,2022,14,DEN,2022-12-11 14:00:00,58.6,12.5,20.8,0.0
2022_15_ARI_DEN,2022,15,DEN,2022-12-18 14:00:00,39.7,4.1,10.7,0.0
2022_18_LAC_DEN,2022,18,DEN,2023-01-08 14:00:00,43.3,4.6,6.0,0.0
2023_01_LV_DEN,2023,1,DEN,2023-09-10 14:00:00,70.0,7.4,21.5,0.0
2023_02_WAS_DEN,2023,2,DEN,2023-09-17 14:00:00,79.2,2.9,10.5,0.0
2023_05_NYJ_DEN,2023,5,DEN,2023-10-08 14:00:00,76.1,6.6,15.2,0.0
2023_07_GB_DEN,2023,7,DEN,2023-10-22 14:00:00,73.9,7.0,15.9,0.0
2023_08_KC_DEN,2023,8,DEN,2023-10-29 14:00:00,21.5,2.9,5.4,0.0
2023_11_MIN_DEN,2023,11,DEN,2023-11-19 18:00:00,48.7,5.6,10.3,0.0
2023_12_CLE_DEN,2023,12,DEN,2023-11-26 14:00:00,37.8,4.6,11.4,0.0
2023_16_NE_DEN,2023,16,DEN,2023-12-24 18:00:00,26.7,4.5,11.0,0.0
2023_17_LAC_DEN,2023,17,DEN,2023-12-31 14:00:00,39.2,3.2,9.6,0.0
2024_02_PIT_DEN,2024,2,DEN,2024-09-15 14:00:00,86.0,4.6,16.1,0.0
2024_05_LV_DEN,2024,5,DEN,2024-10-06 14:00:00,72.5,9.3,19.2,0.0
2024_06_LAC_DEN,2024,6,DEN,2024-10-13 14:00:00,66.7,7.5,17.0,0.0
2024_08_CAR_DEN,2024,8,DEN,2024-10-27 14:00:00,77.8,3.6,10.1,0.0
2024_11_ATL_DEN,2024,11,DEN,2024-11-17 14:00:00,48.2,5.5,13.4,0.0
2024_13_CLE_DEN,2024,13,DEN,2024-12-02 18:00:00,34.3,0.7,3.4,0.0
2024_15_IND_DEN,2024,15,DEN,2024-12-15 14:00:00,51.3,4.9,12.5,0.0
2024_18_KC_DEN,2024,18,DEN,2025-01-05 14:00:00,26.8,1.2,9.2,0.0
2025_01_TEN_DEN,2025,1,DEN,2025-09-07 14:00:00,82.3,1.5,14.5,0.0
2025_04_CIN_DEN,2025,4,DEN,2025-09-29 18:00:00,70.5,1.7,12.5,0.0
2025_07_NYG_DEN,2025,7,DEN,2025-10-19 14:00:00,72.8,2.8,9.6,0.0
2025_08_DAL_DEN,2025,8,DEN,2025-10-26 14:00:00,71.4,3.4,10.1,0.0
2025_10_LV_DEN,2025,10,DEN,2025-11-06 18:00:00,58.6,6.7,21.9,0.0
2025_11_KC_DEN,2025,11,DEN,2025-11-16 14:00:00,69.3,3.0,9.8,0.0
2025_15_GB_DEN,2025,15,DEN,2025-12-14 14:00:00,55.5,1.1,8.1,0.0
2025_16_JAX_DEN,2025,16,DEN,2025-12-21 14:00:00,56.7,2.4,9.2,0.0
2025_18_LAC_DEN,2025,18,DEN,2026-01-04 14:00:00,66.3,2.3,12.5,0.0
2025_20_BUF_DEN,2025,20,DEN,2026-01-17 14:00:00,31.7,3.1,13.6,0.0
2025_21_NE_DEN,2025,21,DEN,2026-01-25 13:00:00,23.4,1.2,5.4,0.0
2013_02_WAS_GB,2013,2,GB,2013-09-15 12:00:00,57.5,1.8,5.1,0.071
2013_05_DET_GB,2013,5,GB,2013-10-06 12:00:00,59.7,7.9,19.5,0.0
2013_07_CLE_GB,2013,7,GB,2013-10-20 15:00:00,47.3,7.4,16.6,0.0
2013_09_CHI_GB,2013,9,GB,2013-11-04 19:00:00,48.2,11.9,23.0,0.008
2013_10_PHI_GB,2013,10,GB,2013-11-10 12:00:00,42.3,11.0,24.4,0.0
2013_12_MIN_GB,2013,12,GB,2013-11-24 12:00:00,19.7,8.7,19.5,0.0
2013_14_ATL_GB,2013,14,GB,2013-12-08 12:00:00,11.4,4.0,12.3,0.0
2013_16_PIT_GB,2013,16,GB,2013-12-22 15:00:00,20.5,12.3,26.8,0.0
2013_18_SF_GB,2013,18,GB,2014-01-05 15:00:00,5.6,9.8,19.2,0.0
2014_02_NYJ_GB,2014,2,GB,2014-09-14 15:00:00,63.7,16.6,32.9,0.0
2014_05_MIN_GB,2014,5,GB,2014-10-02 19:00:00,63.4,6.6,13.2,0.004
2014_07_CAR_GB,2014,7,GB,2014-10-19 12:00:00,49.4,11.8,23.7,0.0
2014_10_CHI_GB,2014,10,GB,2014-11-09 19:00:00,36.3,4.4,9.6,0.0
2014_11_PHI_GB,2014,11,GB,2014-11-16 15:00:00,27.8,12.8,25.1,0.0
2014_13_NE_GB,2014,13,GB,2014-11-30 15:00:00,27.4,11.9,24.2,0.0
2014_14_ATL_GB,2014,14,GB,2014-12-08 19:00:00,32.2,2.3,3.4,0.008
2014_17_DET_GB,2014,17,GB,2014-12-28 15:00:00,25.8,7.7,17.7,0.0
2014_19_DAL_GB,2014,19,GB,2015-01-11 12:00:00,15.6,2.9,6.7,0.0
2015_02_SEA_GB,2015,2,GB,2015-09-20 19:00:00,64.0,5.3,9.2,0.0
2015_03_KC_GB,2015,3,GB,2015-09-28 19:00:00,70.9,5.2,10.3,0.008
2015_05_STL_GB,2015,5,GB,2015-10-11 12:00:00,68.3,14.0,27.7,0.0
2015_06_SD_GB,2015,6,GB,2015-10-18 15:00:00,51.3,4.9,12.3,0.0
2015_10_DET_GB,2015,10,GB,2015-11-15 12:00:00,52.9,7.6,14.8,0.0
2015_12_CHI_GB,2015,12,GB,2015-11-26 19:00:00,40.6,15.1,28.9,0.122
2015_14_DAL_GB,2015,14,GB,2015-12-13 15:00:00,57.4,13.7,36.5,0.063
2015_17_MIN_GB,2015,17,GB,2016-01-03 19:00:00,24.0,7.3,14.1,0.0
2016_03_DET_GB,2016,3,GB,2016-09-25 12:00:00,72.4,14.8,28.6,0.0
2016_05_NYG_GB,2016,5,GB,2016-10-09 19:00:00,52.7,4.6,7.8,0.0
2016_06_DAL_GB,2016,6,GB,2016-10-16 15:00:00,67.1,5.4,13.2,0.0
2016_07_CHI_GB,2016,7,GB,2016-10-20 19:00:00,48.9,7.4,12.5,0.0
2016_09_IND_GB,2016,9,GB,2016-11-06 15:00:00,66.1,6.3,14.3,0.0
2016_13_HOU_GB,2016,13,GB,2016-12-04 12:00:00,32.5,7.7,12.3,0.008
2016_14_SEA_GB,2016,14,GB,2016-12-11 15:00:00,30.4,4.6,11.0,0.008
2016_16_MIN_GB,2016,16,GB,2016-12-24 12:00:00,34.0,5.7,11.9,0.0
2016_18_NYG_GB,2016,18,GB,2017-01-08 15:00:00,12.1,7.8,16.6,0.0
2017_01_SEA_GB,2017,1,GB,2017-09-10 15:00:00,71.0,6.7,15.4,0.0
2017_03_CIN_GB,2017,3,GB,2017-09-24 15:00:00,88.3,10.0,22.4,0.0
2017_04_CHI_GB,2017,4,GB,2017-09-28 19:00:00,65.4,6.7,15.2,0.0
2017_07_NO_GB,2017,7,GB,2017-10-22 12:00:00,55.2,9.8,21.3,0.02
2017_09_DET_GB,2017,9,GB,2017-11-06 19:00:00,33.4,4.3,6.9,0.0
2017_11_BAL_GB,2017,11,GB,2017-11-19 12:00:00,27.1,11.3,24.4,0.0
2017_13_TB_GB,2017,13,GB,2017-12-03 12:00:00,43.1,4.7,12.1,0.0
2017_16_MIN_GB,2017,16,GB,2017-12-23 19:00:00,9.6,6.6,11.6,0.0
2018_01_CHI_GB,2018,1,GB,2018-09-09 19:00:00,58.8,3.9,15.4,0.0
2018_02_MIN_GB,2018,2,GB,2018-09-16 12:00:00,80.8,7.8,17.4,0.004
2018_04_BUF_GB,2018,4,GB,2018-09-30 12:00:00,49.7,4.7,11.6,0.0
2018_06_SF_GB,2018,6,GB,2018-10-15 19:00:00,36.4,7.6,18.1,0.0
2018_10_MIA_GB,2018,10,GB,2018-11-11 15:00:00,34.3,7.3,17.7,0.0
2018_13_ARI_GB,2018,13,GB,2018-12-02 12:00:00,34.0,16.3,33.3,0.031
2018_14_ATL_GB,2018,14,GB,2018-12-09 12:00:00,24.6,7.8,16.6,0.0
2018_17_DET_GB,2018,17,GB,2018-12-30 12:00:00,25.8,12.7,25.9,0.0
2019_02_MIN_GB,2019,2,GB,2019-09-15 12:00:00,75.7,5.5,13.4,0.0
2019_03_DEN_GB,2019,3,GB,2019-09-22 12:00:00,70.2,9.3,18.3,0.146
2019_04_PHI_GB,2019,4,GB,2019-09-26 19:00:00,60.6,5.4,10.3,0.0
2019_06_DET_GB,2019,6,GB,2019-10-14 19:00:00,40.6,4.4,8.7,0.0
2019_07_OAK_GB,2019,7,GB,2019-10-20 12:00:00,57.0,2.2,9.8,0.0
2019_10_CAR_GB,2019,10,GB,2019-11-10 15:00:00,33.7,6.7,15.9,0.0
2019_14_WAS_GB,2019,14,GB,2019-12-08 12:00:00,39.3,8.9,21.9,0.0
2019_15_CHI_GB,2019,15,GB,2019-12-15 12:00:00,15.2,4.3,10.1,0.0
2019_19_SEA_GB,2019,19,GB,2020-01-12 17:00:00,24.0,4.3,9.2,0.0
2020_02_DET_GB,2020,2,GB,2020-09-20 12:00:00,66.7,10.1,21.7,0.0
2020_04_ATL_GB,2020,4,GB,2020-10-05 20:00:00,56.1,15.9,29.8,0.0
2020_08_MIN_GB,2020,8,GB,2020-11-01 12:00:00,34.8,22.5,48.1,0.0
2020_10_JAX_GB,2020,10,GB,2020-11-15 12:00:00,38.0,20.6,39.4,0.0
2020_12_CHI_GB,2020,12,GB,2020-11-29 19:00:00,37.1,13.0,26.4,0.0
2020_13_PHI_GB,2020,13,GB,2020-12-06 15:00:00,36.1,6.7,14.1,0.0
2020_15_CAR_GB,2020,15,GB,2020-12-19 19:00:00,29.0,3.2,4.9,0.0
2020_16_TEN_GB,2020,16,GB,2020-12-27 19:00:00,29.0,11.8,22.4,0.047
2020_19_LA_GB,2020,19,GB,2021-01-16 15:00:00,36.6,8.8,21.9,0.0
2020_20_TB_GB,2020,20,GB,2021-01-24 14:00:00,31.9,8.3,18.3,0.0
2021_02_DET_GB,2021,2,GB,2021-09-20 19:00:00,72.6,12.6,22.6,0.0
2021_04_PIT_GB,2021,4,GB,2021-10-03 15:00:00,67.9,5.6,14.3,0.055
2021_07_WAS_GB,2021,7,GB,2021-10-24 12:00:00,48.4,7.7,17.0,0.0
2021_10_SEA_GB,2021,10,GB,2021-11-14 15:00:00,38.0,13.3,27.7,0.004
2021_12_LA_GB,2021,12,GB,2021-11-28 15:00:00,36.9,12.6,26.6,0.0
2021_14_CHI_GB,2021,14,GB,2021-12-12 19:00:00,36.2,12.2,21.3,0.0
2021_16_CLE_GB,2021,16,GB,2021-12-25 15:00:00,34.7,4.3,11.6,0.0
2021_17_MIN_GB,2021,17,GB,2022-01-02 19:00:00,11.2,5.2,9.8,0.0
2021_20_SF_GB,2021,20,GB,2022-01-22 19:00:00,13.3,7.3,14.8,0.0
2022_02_CHI_GB,2022,2,GB,2022-09-18 19:00:00,72.4,6.2,8.3,0.0
2022_04_NE_GB,2022,4,GB,2022-10-02 15:00:00,62.3,7.6,17.7,0.0
2022_05_NYG_GB,2022,5,GB,2022-10-09 08:00:00,42.1,4.3,6.9,0.0
2022_06_NYJ_GB,2022,6,GB,2022-10-16 12:00:00,48.9,8.7,18.8,0.0
2022_10_DAL_GB,2022,10,GB,2022-11-13 15:00:00,35.1,6.4,15.2,0.0
2022_11_TEN_GB,2022,11,GB,2022-11-17 19:00:00,25.6,8.7,16.6,0.0
2022_15_LA_GB,2022,15,GB,2022-12-19 19:00:00,12.1,2.8,5.4,0.0
2022_17_MIN_GB,2022,17,GB,2023-01-01 15:00:00,39.8,8.6,17.9,0.0
2022_18_DET_GB,2022,18,GB,2023-01-08 19:00:00,23.1,8.5,11.4,0.0
2023_03_NO_GB,2023,3,GB,2023-09-24 12:00:00,69.8,9.9,22.4,0.0
2023_04_DET_GB,2023,4,GB,2023-09-28 19:00:00,62.3,3.7,9.2,0.0
2023_08_MIN_GB,2023,8,GB,2023-10-29 12:00:00,40.1,5.3,13.6,0.0
2023_09_LA_GB,2023,9,GB,2023-11-05 12:00:00,47.8,1.9,8.5,0.0
2023_11_LAC_GB,2023,11,GB,2023-11-19 12:00:00,41.5,3.7,10.7,0.0
2023_13_KC_GB,2023,13,GB,2023-12-03 19:00:00,31.0,7.0,14.3,0.008
2023_15_TB_GB,2023,15,GB,2023-12-17 12:00:00,39.5,9.2,17.2,0.004
2023_18_CHI_GB,2023,18,GB,2024-01-07 15:00:00,36.6,10.3,20.4,0.0
2024_02_IND_GB,2024,2,GB,2024-09-15 12:00:00,83.6,4.6,12.1,0.0
2024_04_MIN_GB,2024,4,GB,2024-09-29 12:00:00,69.4,12.5,25.3,0.0
2024_06_ARI_GB,2024,6,GB,2024-10-13 12:00:00,51.6,8.1,15.7,0.035
2024_07_HOU_GB,2024,7,GB,2024-10-20 12:00:00,70.8,11.7,23.3,0.0
2024_09_DET_GB,2024,9,GB,2024-11-03 15:00:00,49.6,12.9,24.8,0.039
2024_12_SF_GB,2024,12,GB,2024-11-24 15:00:00,42.4,9.6,21.0,0.0
2024_13_MIA_GB,2024,13,GB,2024-11-28 19:00:00,27.4,10.3,21.5,0.0
2024_16_NO_GB,2024,16,GB,2024-12-23 19:00:00,33.3,7.0,12.5,0.0
2024_18_CHI_GB,2024,18,GB,2025-01-05 12:00:00,14.7,9.4,26.8,0.0
2025_01_DET_GB,2025,1,GB,2025-09-07 15:00:00,62.7,6.6,16.6,0.0
2025_02_WAS_GB,2025,2,GB,2025-09-11 19:00:00,66.4,5.3,12.3,0.0
2025_06_CIN_GB,2025,6,GB,2025-10-12 15:00:00,63.3,10.6,23.7,0.0
2025_09_CAR_GB,2025,9,GB,2025-11-02 12:00:00,45.5,10.7,22.1,0.0
2025_10_PHI_GB,2025,10,GB,2025-11-10 19:00:00,33.0,9.0,25.3,0.0
2025_12_MIN_GB,2025,12,GB,2025-11-23 12:00:00,44.9,8.0,19.0,0.0
2025_14_CHI_GB,2025,14,GB,2025-12-07 15:00:00,16.0,5.6,13.4,0.0
2025_17_BAL_GB,2025,17,GB,2025-12-27 19:00:00,35.4,9.4,14.5,0.0
2017_01_JAX_HOU,2017,1,HOU,2017-09-10 12:00:00,80.4,9.9,19.2,0.0
2017_04_TEN_HOU,2017,4,HOU,2017-10-01 12:00:00,85.7,2.9,11.6,0.0
2021_14_SEA_HOU,2021,14,HOU,2021-12-12 12:00:00,51.5,6.8,15.9,0.0
2023_02_IND_HOU,2023,2,HOU,2023-09-17 12:00:00,86.5,8.6,17.0,0.0
2023_04_PIT_HOU,2023,4,HOU,2023-10-01 12:00:00,91.9,15.3,27.1,0.0
2013_02_MIA_IND,2013,2,IND,2013-09-15 13:00:00,72.0,7.5,17.9,0.0
2013_07_DEN_IND,2013,7,IND,2013-10-20 20:00:00,56.0,12.1,24.8,0.0
2014_04_TEN_IND,2014,4,IND,2014-09-28 13:00:00,77.4,0.7,7.8,0.0
2014_05_BAL_IND,2014,5,IND,2014-10-05 13:00:00,55.5,13.3,25.7,0.0
2014_07_CIN_IND,2014,7,IND,2014-10-19 13:00:00,49.6,4.0,12.3,0.0
2015_04_JAX_IND,2015,4,IND,2015-10-04 13:00:00,68.3,8.8,17.7,0.0
2015_07_NO_IND,2015,7,IND,2015-10-25 13:00:00,58.5,8.2,20.1,0.0
2015_09_DEN_IND,2015,9,IND,2015-11-08 16:00:00,53.0,4.8,12.5,0.0
2016_01_DET_IND,2016,1,IND,2016-09-11 16:00:00,74.7,0.8,7.6,0.0
2016_05_CHI_IND,2016,5,IND,2016-10-09 13:00:00,63.5,2.7,10.7,0.0
2017_12_TEN_IND,2017,12,IND,2017-11-26 13:00:00,45.1,5.7,13.6,0.0
2019_07_HOU_IND,2019,7,IND,2019-10-20 13:00:00,67.4,0.5,8.7,0.0
2019_08_DEN_IND,2019,8,IND,2019-10-27 13:00:00,57.1,8.4,20.4,0.0
2021_06_HOU_IND,2021,6,IND,2021-10-17 13:00:00,60.3,9.5,19.7,0.0
2021_08_TEN_IND,2021,8,IND,2021-10-31 13:00:00,59.5,12.8,25.1,0.0
2022_03_KC_IND,2022,3,IND,2022-09-25 13:00:00,69.1,15.0,30.4,0.0
2022_04_TEN_IND,2022,4,IND,2022-10-02 13:00:00,67.6,13.1,26.2,0.0
2022_06_JAX_IND,2022,6,IND,2022-10-16 13:00:00,63.6,9.3,19.7,0.0
2023_04_LA_IND,2023,4,IND,2023-10-01 13:00:00,79.1,4.0,11.4,0.0
2023_05_TEN_IND,2023,5,IND,2023-10-08 13:00:00,52.2,10.4,22.4,0.0
2023_07_CLE_IND,2023,7,IND,2023-10-22 13:00:00,52.6,6.6,15.9,0.0
2013_01_KC_JAX,2013,1,JAX,2013-09-08 13:00:00,84.6,6.2,17.4,0.0
2013_04_IND_JAX,2013,4,JAX,2013-09-29 13:00:00,77.1,9.2,20.1,0.0
2013_07_SD_JAX,2013,7,JAX,2013-10-20 13:00:00,75.9,6.1,17.0,0.0
2013_08_SF_JAX,2013,8,JAX,2013-10-27 13:00:00,69.3,2.3,12.3,0.0
2013_11_ARI_JAX,2013,11,JAX,2013-11-17 13:00:00,73.5,4.6,14.5,0.0
2013_14_HOU_JAX,2013,14,JAX,2013-12-05 20:00:00,69.6,6.3,13.0,0.0
2013_15_BUF_JAX,2013,15,JAX,2013-12-15 13:00:00,59.6,7.5,20.8,0.008
2013_16_TEN_JAX,2013,16,JAX,2013-12-22 13:00:00,78.2,12.1,24.2,0.0
2014_03_IND_JAX,2014,3,JAX,2014-09-21 13:00:00,82.2,2.7,11.6,0.0
2014_05_PIT_JAX,2014,5,JAX,2014-10-05 13:00:00,68.7,4.5,15.2,0.0
2014_07_CLE_JAX,2014,7,JAX,2014-10-19 13:00:00,73.4,8.4,21.9,0.0
2014_08_MIA_JAX,2014,8,JAX,2014-10-26 13:00:00,77.1,3.3,11.2,0.0
2014_10_DAL_JAX,2014,10,JAX,2014-11-09 13:00:00,68.7,6.8,15.7,0.0
2014_13_NYG_JAX,2014,13,JAX,2014-11-30 13:00:00,69.6,2.5,9.8,0.0
2014_14_HOU_JAX,2014,14,JAX,2014-12-07 13:00:00,61.1,9.1,23.3,0.0
2014_16_TEN_JAX,2014,16,JAX,2014-12-18 20:00:00,56.8,3.7,7.6,0.0
2015_01_CAR_JAX,2015,1,JAX,2015-09-13 13:00:00,78.4,4.7,15.9,0.0
2015_02_MIA_JAX,2015,2,JAX,2015-09-20 16:00:00,86.6,3.6,9.8,0.0
2015_06_HOU_JAX,2015,6,JAX,2015-10-18 13:00:00,70.8,16.5,34.2,0.0
2015_07_BUF_JAX,2015,7,JAX,2015-10-25 09:00:00,69.8,4.6,8.5,0.0
2015_11_TEN_JAX,2015,11,JAX,2015-11-19 20:00:00,72.1,3.0,5.4,0.012
2015_12_SD_JAX,2015,12,JAX,2015-11-29 13:00:00,73.2,6.0,15.2,0.0
2015_14_IND_JAX,2015,14,JAX,2015-12-13 13:00:00,76.2,10.2,23.3,0.0
2015_15_ATL_JAX,2015,15,JAX,2015-12-20 13:00:00,65.1,7.7,18.1,0.0
2016_01_GB_JAX,2016,1,JAX,2016-09-11 13:00:00,88.3,2.3,12.3,0.0
2016_03_BAL_JAX,2016,3,JAX,2016-09-25 13:00:00,83.9,5.0,11.4,0.0
2016_04_IND_JAX,2016,4,JAX,2016-10-02 09:00:00,75.5,1.8,6.9,0.0
2016_07_OAK_JAX,2016,7,JAX,2016-10-23 13:00:00,70.3,6.0,15.4,0.0
2016_10_HOU_JAX,2016,10,JAX,2016-11-13 13:00:00,75.7,1.6,12.1,0.0
2016_13_DEN_JAX,2016,13,JAX,2016-12-04 13:00:00,75.3,9.1,19.9,0.0
2016_14_MIN_JAX,2016,14,JAX,2016-12-11 13:00:00,72.2,6.6,23.0,0.0
2016_16_TEN_JAX,2016,16,JAX,2016-12-24 13:00:00,75.9,0.2,8.9,0.0
2017_02_TEN_JAX,2017,2,JAX,2017-09-17 13:00:00,83.5,10.2,18.6,0.0
2017_03_BAL_JAX,2017,3,JAX,2017-09-24 21:00:00,76.8,8.3,15.0,0.0
2017_06_LA_JAX,2017,6,JAX,2017-10-15 16:00:00,78.4,9.8,20.4,0.024
2017_09_CIN_JAX,2017,9,JAX,2017-11-05 13:00:00,74.8,10.8,21.3,0.016
2017_10_LAC_JAX,2017,10,JAX,2017-11-12 13:00:00,75.0,14.1,25.5,0.0
2017_13_IND_JAX,2017,13,JAX,2017-12-03 13:00:00,69.9,6.6,14.1,0.0
2017_14_SEA_JAX,2017,14,JAX,2017-12-10 16:00:00,51.1,5.4,12.8,0.0
2017_15_HOU_JAX,2017,15,JAX,2017-12-17 13:00:00,66.8,3.7,10.1,0.0
2017_18_BUF_JAX,2017,18,JAX,2018-01-07 13:00:00,53.8,13.7,25.5,0.0
2018_02_NE_JAX,2018,2,JAX,2018-09-16 16:00:00,92.4,10.7,21.7,0.0
2018_03_TEN_JAX,2018,3,JAX,2018-09-23 13:00:00,85.5,7.9,15.2,0.004
2018_04_NYJ_JAX,2018,4,JAX,2018-09-30 13:00:00,83.4,9.1,17.7,0.004
2018_07_HOU_JAX,2018,7,JAX,2018-10-21 13:00:00,69.8,13.6,25.1,0.0
2018_08_PHI_JAX,2018,8,JAX,2018-10-28 21:00:00,61.3,5.8,8.3,0.0
2018_11_PIT_JAX,2018,11,JAX,2018-11-18 13:00:00,70.9,7.4,15.0,0.004
2018_13_IND_JAX,2018,13,JAX,2018-12-02 13:00:00,78.3,17.8,29.1,0.0
2018_15_WAS_JAX,2018,15,JAX,2018-12-16 13:00:00,62.0,8.7,15.9,0.0
2019_01_KC_JAX,2019,1,JAX,2019-09-08 13:00:00,90.4,4.3,11.2,0.0
2019_03_TEN_JAX,2019,3,JAX,2019-09-19 20:00:00,74.8,13.5,25.5,0.016
2019_06_NO_JAX,2019,6,JAX,2019-10-13 13:00:00,80.7,4.5,12.5,0.0
2019_08_NYJ_JAX,2019,8,JAX,2019-10-27 13:00:00,82.6,12.8,23.3,0.012
2019_09_HOU_JAX,2019,9,JAX,2019-11-03 09:00:00,53.5,10.2,17.7,0.0
2019_13_TB_JAX,2019,13,JAX,2019-12-01 13:00:00,76.8,20.9,34.7,0.0
2019_14_LAC_JAX,2019,14,JAX,2019-12-08 16:00:00,67.6,11.5,21.0,0.0
2019_17_IND_JAX,2019,17,JAX,2019-12-29 16:00:00,73.7,11.4,19.0,0.008
2020_01_IND_JAX,2020,1,JAX,2020-09-13 13:00:00,87.4,15.3,26.8,0.0
2020_03_MIA_JAX,2020,3,JAX,2020-09-24 20:00:00,77.8,8.2,17.4,0.0
2020_06_DET_JAX,2020,6,JAX,2020-10-18 13:00:00,78.2,16.2,28.0,0.008
2020_09_HOU_JAX,2020,9,JAX,2020-11-08 13:00:00,79.4,17.5,30.0,0.008
2020_11_PIT_JAX,2020,11,JAX,2020-11-22 13:00:00,71.7,9.3,17.9,0.012
2020_12_CLE_JAX,2020,12,JAX,2020-11-29 13:00:00,70.0,2.6,8.3,0.0
2020_14_TEN_JAX,2020,14,JAX,2020-12-13 13:00:00,67.8,3.9,11.0,0.0
2020_16_CHI_JAX,2020,16,JAX,2020-12-27 13:00:00,53.1,5.5,13.2,0.0
2021_02_DEN_JAX,2021,2,JAX,2021-09-19 13:00:00,76.9,5.2,9.8,0.106
2021_03_ARI_JAX,2021,3,JAX,2021-09-26 13:00:00,80.8,5.7,13.6,0.0
2021_05_TEN_JAX,2021,5,JAX,2021-10-10 13:00:00,77.4,9.3,19.5,0.0
2021_06_MIA_JAX,2021,6,JAX,2021-10-17 09:00:00,60.0,11.3,18.8,0.0
2021_09_BUF_JAX,2021,9,JAX,2021-11-07 13:00:00,61.1,15.8,28.4,0.0
2021_11_SF_JAX,2021,11,JAX,2021-11-21 13:00:00,70.8,10.9,19.5,0.0
2021_12_ATL_JAX,2021,12,JAX,2021-11-28 13:00:00,59.3,4.2,10.1,0.0
2021_15_HOU_JAX,2021,15,JAX,2021-12-19 13:00:00,77.1,13.8,23.5,0.0
2021_18_IND_JAX,2021,18,JAX,2022-01-09 13:00:00,74.2,10.9,21.5,0.0
2022_02_IND_JAX,2022,2,JAX,2022-09-18 13:00:00,80.0,10.3,21.0,0.008
2022_05_HOU_JAX,2022,5,JAX,2022-10-09 13:00:00,80.2,4.1,11.0,0.0
2022_07_NYG_JAX,2022,7,JAX,2022-10-23 13:00:00,74.9,6.8,14.5,0.0
2022_08_DEN_JAX,2022,8,JAX,2022-10-30 09:00:00,68.3,7.9,14.1,0.0
2022_09_LV_JAX,2022,9,JAX,2022-11-06 13:00:00,80.6,9.9,18.8,0.004
2022_12_BAL_JAX,2022,12,JAX,2022-11-27 13:00:00,78.0,18.6,30.6,0.004
2022_15_DAL_JAX,2022,15,JAX,2022-12-18 13:00:00,53.2,8.3,16.8,0.0
2022_18_TEN_JAX,2022,18,JAX,2023-01-07 20:00:00,53.1,4.1,7.8,0.0
2022_19_LAC_JAX,2022,19,JAX,2023-01-14 20:00:00,44.0,7.3,13.6,0.0
2023_02_KC_JAX,2023,2,JAX,2023-09-17 13:00:00,85.1,7.5,17.9,0.008
2023_03_HOU_JAX,2023,3,JAX,2023-09-24 13:00:00,85.8,5.2,13.0,0.0
2023_04_ATL_JAX,2023,4,JAX,2023-10-01 09:00:00,77.8,13.7,25.1,0.0
2023_06_IND_JAX,2023,6,JAX,2023-10-15 13:00:00,70.4,8.8,18.1,0.0
2023_10_SF_JAX,2023,10,JAX,2023-11-12 13:00:00,66.1,9.5,18.8,0.0
2023_11_TEN_JAX,2023,11,JAX,2023-11-19 13:00:00,73.4,6.6,14.3,0.0
2023_13_CIN_JAX,2023,13,JAX,2023-12-04 20:00:00,62.4,5.1,8.3,0.0
2023_15_BAL_JAX,2023,15,JAX,2023-12-17 20:00:00,59.9,14.0,26.4,0.0
2023_17_CAR_JAX,2023,17,JAX,2023-12-31 13:00:00,53.9,4.7,11.9,0.0
2024_02_CLE_JAX,2024,2,JAX,2024-09-15 13:00:00,80.7,11.6,23.3,0.0
2024_05_IND_JAX,2024,5,JAX,2024-10-06 13:00:00,74.1,9.2,22.6,0.079
2024_07_NE_JAX,2024,7,JAX,2024-10-20 09:00:00,62.1,10.3,17.7,0.0
2024_08_GB_JAX,2024,8,JAX,2024-10-27 13:00:00,80.1,1.7,9.4,0.0
2024_10_MIN_JAX,2024,10,JAX,2024-11-10 13:00:00,77.5,13.6,24.6,0.016
2024_13_HOU_JAX,2024,13,JAX,2024-12-01 13:00:00,54.6,5.5,15.0,0.0
2024_15_NYJ_JAX,2024,15,JAX,2024-12-15 13:00:00,70.6,8.8,19.2,0.0
2024_17_TEN_JAX,2024,17,JAX,2024-12-29 13:00:00,69.5,6.7,20.8,0.012
2025_01_CAR_JAX,2025,1,JAX,2025-09-07 13:00:00,80.2,1.2,8.7,0.008
2025_03_HOU_JAX,2025,3,JAX,2025-09-21 13:00:00,85.6,10.5,24.6,0.0
2025_05_KC_JAX,2025,5,JAX,2025-10-06 20:00:00,77.7,10.2,19.5,0.0
2025_06_SEA_JAX,2025,6,JAX,2025-10-12 13:00:00,75.2,8.2,19.5,0.0
2025_07_LA_JAX,2025,7,JAX,2025-10-19 09:00:00,69.1,7.3,14.5,0.0
2025_11_LAC_JAX,2025,11,JAX,2025-11-16 13:00:00,74.4,11.9,26.6,0.0
2025_14_IND_JAX,2025,14,JAX,2025-12-07 13:00:00,62.1,4.1,9.4,0.0
2025_15_NYJ_JAX,2025,15,JAX,2025-12-14 13:00:00,70.4,8.2,18.3,0.0
2025_18_TEN_JAX,2025,18,JAX,2026-01-04 13:00:00,56.3,8.3,20.6,0.0
2025_19_BUF_JAX,2025,19,JAX,2026-01-11 13:00:00,61.0,10.5,25.3,0.0
2013_02_DAL_KC,2013,2,KC,2013-09-15 12:00:00,79.4,5.6,17.2,0.0
2013_04_NYG_KC,2013,4,KC,2013-09-29 12:00:00,68.0,2.2,8.9,0.0
2013_06_OAK_KC,2013,6,KC,2013-10-13 12:00:00,64.6,8.3,18.8,0.0
2013_07_HOU_KC,2013,7,KC,2013-10-20 15:00:00,67.6,11.7,25.7,0.0
2013_08_CLE_KC,2013,8,KC,2013-10-27 12:00:00,53.8,5.8,17.0,0.0
2013_12_SD_KC,2013,12,KC,2013-11-24 12:00:00,24.1,3.4,12.5,0.0
2013_13_DEN_KC,2013,13,KC,2013-12-01 15:00:00,52.0,2.0,9.4,0.0
2013_16_IND_KC,2013,16,KC,2013-12-22 12:00:00,23.8,11.2,23.9,0.0
2014_01_TEN_KC,2014,1,KC,2014-09-07 12:00:00,71.2,4.8,15.7,0.0
2014_04_NE_KC,2014,4,KC,2014-09-29 19:00:00,76.4,4.3,6.3,0.0
2014_08_STL_KC,2014,8,KC,2014-10-26 12:00:00,74.2,10.6,22.6,0.0
2014_09_NYJ_KC,2014,9,KC,2014-11-02 12:00:00,53.0,16.1,32.9,0.0
2014_11_SEA_KC,2014,11,KC,2014-11-16 12:00:00,24.1,8.3,19.7,0.0
2014_13_DEN_KC,2014,13,KC,2014-11-30 19:00:00,28.1,11.9,22.6,0.0
2014_15_OAK_KC,2014,15,KC,2014-12-14 12:00:00,57.4,11.6,20.1,0.0
2014_17_SD_KC,2014,17,KC,2014-12-28 12:00:00,32.9,4.8,12.5,0.0
2015_02_DEN_KC,2015,2,KC,2015-09-17 19:00:00,84.8,2.4,19.2,0.0
2015_05_CHI_KC,2015,5,KC,2015-10-11 12:00:00,73.4,10.1,24.4,0.0
2015_07_PIT_KC,2015,7,KC,2015-10-25 12:00:00,58.4,5.9,16.1,0.0
2015_08_DET_KC,2015,8,KC,2015-11-01 08:00:00,45.8,5.9,11.4,0.0
2015_12_BUF_KC,2015,12,KC,2015-11-29 12:00:00,34.9,7.3,11.2,0.055
2015_14_SD_KC,2015,14,KC,2015-12-13 12:00:00,59.7,11.9,37.6,0.213
2015_16_CLE_KC,2015,16,KC,2015-12-27 12:00:00,33.9,15.0,34.0,0.0
2015_17_OAK_KC,2015,17,KC,2016-01-03 15:00:00,33.2,8.4,19.0,0.0
2016_01_SD_KC,2016,1,KC,2016-09-11 12:00:00,73.0,8.1,19.5,0.0
2016_03_NYJ_KC,2016,3,KC,2016-09-25 15:00:00,64.1,8.4,18.6,0.0
2016_07_NO_KC,2016,7,KC,2016-10-23 12:00:00,67.8,7.7,20.6,0.0
2016_09_JAX_KC,2016,9,KC,2016-11-06 12:00:00,59.9,6.0,14.5,0.0
2016_11_TB_KC,2016,11,KC,2016-11-20 12:00:00,43.5,8.7,19.7,0.0
2016_14_OAK_KC,2016,14,KC,2016-12-08 19:00:00,23.4,7.8,15.2,0.0
2016_15_TEN_KC,2016,15,KC,2016-12-18 12:00:00,5.0,3.2,13.0,0.0
2016_16_DEN_KC,2016,16,KC,2016-12-25 19:00:00,62.6,17.7,51.7,0.016
2016_19_PIT_KC,2016,19,KC,2017-01-15 19:00:00,31.1,7.5,13.0,0.031
2017_02_PHI_KC,2017,2,KC,2017-09-17 12:00:00,68.5,4.3,13.2,0.0
2017_04_WAS_KC,2017,4,KC,2017-10-02 19:00:00,78.4,11.7,24.6,0.0
2017_06_PIT_KC,2017,6,KC,2017-10-15 15:00:00,57.8,11.1,25.9,0.0
2017_08_DEN_KC,2017,8,KC,2017-10-30 19:00:00,42.0,10.2,22.8,0.0
2017_12_BUF_KC,2017,12,KC,2017-11-26 12:00:00,55.7,8.3,17.9,0.0
2017_14_OAK_KC,2017,14,KC,2017-12-10 12:00:00,47.1,9.8,21.5,0.0
2017_15_LAC_KC,2017,15,KC,2017-12-16 19:00:00,48.3,9.4,15.7,0.0
2017_16_MIA_KC,2017,16,KC,2017-12-24 12:00:00,23.6,13.0,28.6,0.0
2017_18_TEN_KC,2017,18,KC,2018-01-06 15:00:00,30.3,7.7,20.8,0.0
2018_03_SF_KC,2018,3,KC,2018-09-23 12:00:00,71.3,6.1,15.9,0.0
2018_05_JAX_KC,2018,5,KC,2018-10-07 12:00:00,63.8,6.3,13.9,0.039
2018_07_CIN_KC,2018,7,KC,2018-10-21 19:00:00,55.8,11.0,19.5,0.0
2018_08_DEN_KC,2018,8,KC,2018-10-28 12:00:00,58.3,10.6,23.9,0.0
2018_10_ARI_KC,2018,10,KC,2018-11-11 12:00:00,41.8,0.4,6.9,0.0
2018_14_BAL_KC,2018,14,KC,2018-12-09 12:00:00,29.1,2.0,9.4,0.0
2018_15_LAC_KC,2018,15,KC,2018-12-13 19:00:00,37.5,10.6,19.9,0.0
2018_17_OAK_KC,2018,17,KC,2018-12-30 15:00:00,44.3,11.2,25.3,0.0
2018_19_IND_KC,2018,19,KC,2019-01-12 15:00:00,31.9,9.6,19.9,0.035
2018_20_NE_KC,2018,20,KC,2019-01-20 17:00:00,17.0,9.8,22.1,0.0
2019_03_BAL_KC,2019,3,KC,2019-09-22 12:00:00,75.7,9.7,19.5,0.008
2019_05_IND_KC,2019,5,KC,2019-10-06 19:00:00,58.6,3.0,4.9,0.0
2019_06_HOU_KC,2019,6,KC,2019-10-13 12:00:00,57.2,1.6,8.5,0.0
2019_08_GB_KC,2019,8,KC,2019-10-27 19:00:00,53.4,10.6,16.1,0.0
2019_09_MIN_KC,2019,9,KC,2019-11-03 12:00:00,54.1,11.0,23.9,0.0
2019_13_OAK_KC,2019,13,KC,2019-12-01 15:00:00,35.1,18.4,39.1,0.0
2019_15_DEN_KC,2019,15,KC,2019-12-15 12:00:00,25.8,8.8,20.4,0.035
2019_17_LAC_KC,2019,17,KC,2019-12-29 12:00:00,40.5,12.6,27.3,0.0
2019_19_HOU_KC,2019,19,KC,2020-01-12 14:00:00,35.2,9.3,22.4,0.0
2019_20_TEN_KC,2019,20,KC,2020-01-19 14:00:00,19.7,9.9,24.8,0.0
2019_21_SF_KC,2019,21,KC,2020-02-02 17:00:00,60.7,3.4,11.2,0.0
2020_01_HOU_KC,2020,1,KC,2020-09-10 19:00:00,57.7,7.2,15.2,0.0
2020_04_NE_KC,2020,4,KC,2020-10-05 18:00:00,69.3,12.1,27.1,0.0
2020_05_LV_KC,2020,5,KC,2020-10-11 12:00:00,78.1,11.1,24.8,0.0
2020_08_NYJ_KC,2020,8,KC,2020-11-01 12:00:00,45.6,10.4,25.7,0.0
2020_09_CAR_KC,2020,9,KC,2020-11-08 12:00:00,68.5,15.9,33.3,0.0
2020_13_DEN_KC,2020,13,KC,2020-12-06 19:00:00,39.7,6.0,11.6,0.0
2020_16_ATL_KC,2020,16,KC,2020-12-27 12:00:00,49.8,9.1,19.5,0.0
2020_17_LAC_KC,2020,17,KC,2021-01-03 15:00:00,40.9,3.5,12.8,0.0
2020_19_CLE_KC,2020,19,KC,2021-01-17 14:00:00,41.1,15.4,32.9,0.0
2020_20_BUF_KC,2020,20,KC,2021-01-24 17:00:00,38.8,6.0,13.0,0.0
2021_01_CLE_KC,2021,1,KC,2021-09-12 15:00:00,90.3,9.2,21.0,0.0
2021_03_LAC_KC,2021,3,KC,2021-09-26 12:00:00,81.6,15.1,32.2,0.0
2021_05_BUF_KC,2021,5,KC,2021-10-10 19:00:00,67.5,7.0,14.5,0.134
2021_08_NYG_KC,2021,8,KC,2021-11-01 19:00:00,39.7,3.5,6.3,0.0
2021_09_GB_KC,2021,9,KC,2021-11-07 15:00:00,65.5,12.5,25.9,0.0
2021_11_DAL_KC,2021,11,KC,2021-11-21 15:00:00,54.4,12.2,25.1,0.0
2021_13_DEN_KC,2021,13,KC,2021-12-05 19:00:00,55.8,14.4,21.0,0.0
2021_14_LV_KC,2021,14,KC,2021-12-12 12:00:00,46.3,12.2,25.1,0.0
2021_16_PIT_KC,2021,16,KC,2021-12-26 15:00:00,54.1,13.8,31.5,0.0
2021_19_PIT_KC,2021,19,KC,2022-01-16 19:00:00,28.2,7.2,15.9,0.0
2021_20_BUF_KC,2021,20,KC,2022-01-23 17:00:00,35.1,3.0,10.1,0.0
2021_21_CIN_KC,2021,21,KC,2022-01-30 14:00:00,38.6,4.5,13.0,0.0
2022_02_LAC_KC,2022,2,KC,2022-09-15 19:00:00,78.8,8.8,17.7,0.0
2022_05_LV_KC,2022,5,KC,2022-10-10 19:00:00,73.9,7.7,12.1,0.0
2022_06_BUF_KC,2022,6,KC,2022-10-16 15:00:00,63.8,13.1,27.5,0.0
2022_09_TEN_KC,2022,9,KC,2022-11-06 19:00:00,55.0,7.6,12.8,0.0
2022_10_JAX_KC,2022,10,KC,2022-11-13 12:00:00,33.1,4.9,13.4,0.0
2022_12_LA_KC,2022,12,KC,2022-11-27 15:00:00,46.0,10.3,23.9,0.0
2022_16_SEA_KC,2022,16,KC,2022-12-24 12:00:00,14.1,10.5,23.7,0.0
2022_17_DEN_KC,2022,17,KC,2023-01-01 12:00:00,47.7,1.3,10.3,0.0
2022_20_JAX_KC,2022,20,KC,2023-01-21 15:00:00,35.5,2.1,5.6,0.016
2022_21_CIN_KC,2022,21,KC,2023-01-29 17:00:00,22.8,10.1,21.3,0.0
2023_01_DET_KC,2023,1,KC,2023-09-07 19:00:00,77.8,6.9,11.6,0.0
2023_03_CHI_KC,2023,3,KC,2023-09-24 15:00:00,79.6,5.5,13.6,0.0
2023_06_DEN_KC,2023,6,KC,2023-10-12 19:00:00,69.4,13.1,28.2,0.0
2023_07_LAC_KC,2023,7,KC,2023-10-22 15:00:00,69.4,9.3,20.1,0.0
2023_09_MIA_KC,2023,9,KC,2023-11-05 08:00:00,42.3,6.6,11.9,0.0
2023_11_PHI_KC,2023,11,KC,2023-11-20 19:00:00,44.9,11.1,21.0,0.024
2023_14_BUF_KC,2023,14,KC,2023-12-10 15:00:00,43.0,7.4,16.8,0.0
2023_16_LV_KC,2023,16,KC,2023-12-25 12:00:00,37.5,11.6,23.5,0.0
2023_17_CIN_KC,2023,17,KC,2023-12-31 15:00:00,36.4,10.2,21.7,0.0
2023_19_MIA_KC,2023,19,KC,2024-01-13 19:00:00,-6.1,14.9,29.3,0.0
2024_01_BAL_KC,2024,1,KC,2024-09-05 19:00:00,82.1,6.8,14.5,0.0
2024_02_CIN_KC,2024,2,KC,2024-09-15 15:00:00,84.7,5.6,16.8,0.012
2024_05_NO_KC,2024,5,KC,2024-10-07 19:00:00,62.2,3.9,5.6,0.0
2024_09_TB_KC,2024,9,KC,2024-11-04 19:00:00,63.5,6.2,14.8,0.5
2024_10_DEN_KC,2024,10,KC,2024-11-10 12:00:00,55.5,9.5,21.9,0.0
2024_13_LV_KC,2024,13,KC,2024-11-29 14:00:00,34.2,3.3,10.7,0.0
2024_14_LAC_KC,2024,14,KC,2024-12-08 19:00:00,49.8,9.5,19.0,0.0
2024_16_HOU_KC,2024,16,KC,2024-12-21 12:00:00,28.7,2.2,9.8,0.0
2024_20_HOU_KC,2024,20,KC,2025-01-18 15:00:00,20.5,11.1,24.2,0.0
2024_21_BUF_KC,2024,21,KC,2025-01-26 17:00:00,30.5,3.0,8.3,0.0
