kind,variant,mae_2015-18,3+_2015-18,3+pct_2015-18,4+_2015-18,4+pct_2015-18,5+_2015-18,5+pct_2015-18,all_2015-18,mae_2019-22,3+_2019-22,3+pct_2019-22,4+_2019-22,4+pct_2019-22,5+_2019-22,5+pct_2019-22,all_2019-22,mae_2023-25,3+_2023-25,3+pct_2023-25,4+_2023-25,4+pct_2023-25,5+_2023-25,5+pct_2023-25,all_2023-25,mae_2019-25,3+_2019-25,3+pct_2019-25,4+_2019-25,4+pct_2019-25,5+_2019-25,5+pct_2019-25,all_2019-25,gain_2019-25,p_better,6+_2015-18,6+pct_2015-18,6+_2019-22,6+pct_2019-22,6+_2023-25,6+pct_2023-25,6+_2019-25,6+pct_2019-25
spread,base,9.962,123-112,0.523,61-58,0.513,30-26,0.536,0.502,10.059,132-113,0.539,81-55,0.596,33-30,0.524,0.511,9.942,82-65,0.558,40-23,0.635,15-9,0.625,0.506,10.009,214-178,0.546,121-78,0.608,48-39,0.552,0.509,0.0,0.0,,,,,,,,
spread,success,9.96,134-118,0.532,72-69,0.511,33-36,0.478,0.526,10.048,141-115,0.551,78-55,0.586,34-28,0.548,0.518,9.93,90-63,0.588,34-24,0.586,18-10,0.643,0.509,9.997,231-178,0.565,112-79,0.586,52-38,0.578,0.514,0.0111,0.886,,,,,,,,
spread,split,9.95,124-108,0.534,66-61,0.52,29-27,0.518,0.495,10.053,134-107,0.556,83-53,0.61,33-27,0.55,0.52,9.94,78-64,0.549,39-27,0.591,17-9,0.654,0.513,10.004,212-171,0.554,122-80,0.604,50-36,0.581,0.517,0.0042,0.662,,,,,,,,
spread,plays,9.98,128-110,0.538,73-58,0.557,29-32,0.475,0.513,10.057,142-114,0.555,81-60,0.574,40-28,0.588,0.522,9.96,83-59,0.585,40-23,0.635,15-9,0.625,0.506,10.015,225-173,0.565,121-83,0.593,55-37,0.598,0.515,-0.0068,0.286,,,,,,,,
spread,alpha3,9.962,123-113,0.521,64-59,0.52,30-26,0.536,0.502,10.059,133-113,0.541,81-55,0.596,34-30,0.531,0.509,9.941,82-65,0.558,40-23,0.635,15-9,0.625,0.506,10.009,215-178,0.547,121-78,0.608,49-39,0.557,0.508,-0.0003,0.106,,,,,,,,
spread,alpha30,9.962,123-109,0.53,61-58,0.513,30-25,0.545,0.501,10.057,134-114,0.54,78-53,0.595,32-30,0.516,0.514,9.942,83-65,0.561,40-23,0.635,15-9,0.625,0.507,10.008,217-179,0.548,118-76,0.608,47-39,0.547,0.511,0.0009,0.885,,,,,,,,
spread,gbm,10.09,207-194,0.516,135-120,0.529,95-66,0.59,0.519,10.184,191-163,0.54,126-101,0.555,84-60,0.583,0.503,10.013,110-88,0.556,61-33,0.649,34-17,0.667,0.509,10.111,301-251,0.545,187-134,0.583,118-77,0.605,0.505,-0.1024,0.019,,,,,,,,
spread,blend_lin,9.956,126-113,0.527,66-59,0.528,27-27,0.5,0.504,10.048,134-114,0.54,81-53,0.604,35-29,0.547,0.519,9.939,84-63,0.571,40-23,0.635,16-9,0.64,0.51,10.001,218-177,0.552,121-76,0.614,51-38,0.573,0.515,0.0072,0.928,,,,,,,,
spread,blend_gbm,9.967,145-130,0.527,81-67,0.547,40-27,0.597,0.507,10.071,151-125,0.547,92-70,0.568,52-32,0.619,0.52,9.935,76-58,0.567,39-24,0.619,21-9,0.7,0.502,10.013,227-183,0.554,131-94,0.582,73-41,0.64,0.512,-0.0041,0.438,,,,,,,,
spread,blend_all,9.949,120-117,0.506,68-55,0.553,29-24,0.547,0.51,10.047,132-115,0.534,80-50,0.615,37-28,0.569,0.523,9.929,79-58,0.577,40-21,0.656,16-6,0.727,0.499,9.996,211-173,0.549,120-71,0.628,53-34,0.609,0.513,0.0124,0.941,,,,,,,,
total,teams,10.799,140-137,0.505,85-75,0.531,41-40,0.506,0.501,10.592,150-129,0.538,82-69,0.543,40-35,0.533,0.519,10.335,117-112,0.511,62-59,0.512,32-29,0.525,0.511,10.482,267-241,0.526,144-128,0.529,72-64,0.529,0.516,-0.0066,0.428,22-15,0.595,16-13,0.552,14-12,0.538,30-25,0.545
total,base,10.832,119-110,0.52,58-61,0.487,25-32,0.439,0.48,10.62,144-125,0.535,69-57,0.548,37-27,0.578,0.523,10.283,114-106,0.518,53-53,0.5,20-20,0.5,0.509,10.475,258-231,0.528,122-110,0.526,57-47,0.548,0.517,0.0,0.0,12-13,0.48,21-13,0.618,6-8,0.429,27-21,0.562
total,pace,10.802,131-123,0.516,61-60,0.504,26-32,0.448,0.494,10.582,157-116,0.575,83-60,0.58,42-31,0.575,0.513,10.31,118-113,0.511,56-55,0.505,22-20,0.524,0.499,10.466,275-229,0.546,139-115,0.547,64-51,0.557,0.507,0.0095,0.703,13-18,0.419,18-9,0.667,8-9,0.471,26-18,0.591
total,eff,10.875,123-131,0.484,64-67,0.489,35-42,0.455,0.49,10.628,160-133,0.546,87-71,0.551,39-34,0.534,0.521,10.305,116-108,0.518,62-64,0.492,23-25,0.479,0.506,10.49,276-241,0.534,149-135,0.525,62-59,0.512,0.515,-0.0146,0.152,15-12,0.556,18-12,0.6,7-10,0.412,25-22,0.532
total,avail,10.863,144-155,0.482,74-86,0.463,40-49,0.449,0.505,10.652,134-117,0.534,72-68,0.514,40-33,0.548,0.498,10.306,109-106,0.507,52-53,0.495,25-28,0.472,0.502,10.503,243-223,0.521,124-121,0.506,65-61,0.516,0.499,-0.0284,0.097,27-22,0.551,24-13,0.649,4-6,0.4,28-19,0.596
total,ref,10.773,134-123,0.521,74-71,0.51,40-38,0.513,0.507,10.583,173-135,0.562,107-70,0.605,58-31,0.652,0.519,10.268,105-106,0.498,44-53,0.454,18-23,0.439,0.52,10.448,278-241,0.536,151-123,0.551,76-54,0.585,0.52,0.027,0.864,17-18,0.486,27-21,0.562,7-9,0.438,34-30,0.531
total,all,10.841,180-176,0.506,107-105,0.505,66-59,0.528,0.523,10.596,187-136,0.579,114-82,0.582,64-38,0.627,0.503,10.332,113-111,0.504,55-60,0.478,21-32,0.396,0.508,10.483,300-247,0.548,169-142,0.543,85-70,0.548,0.505,-0.0077,0.412,40-27,0.597,35-18,0.66,6-14,0.3,41-32,0.562
total,gbm,11.029,267-242,0.525,195-168,0.537,154-117,0.568,0.519,10.735,237-201,0.541,168-138,0.549,110-90,0.55,0.535,10.434,143-131,0.522,76-87,0.466,37-53,0.411,0.493,10.606,380-332,0.534,244-225,0.52,147-143,0.507,0.517,-0.1305,0.023,109-82,0.571,75-52,0.591,18-29,0.383,93-81,0.534
total,blend_lin,10.782,108-107,0.502,58-57,0.504,27-28,0.491,0.504,10.574,136-112,0.548,76-55,0.58,39-24,0.619,0.526,10.288,105-109,0.491,46-46,0.5,17-22,0.436,0.511,10.451,241-221,0.522,122-101,0.547,56-46,0.549,0.52,0.024,0.954,16-12,0.571,18-9,0.667,5-7,0.417,23-16,0.59
total,blend_gbm,10.783,194-178,0.522,132-102,0.564,81-67,0.547,0.521,10.612,197-144,0.578,130-86,0.602,80-50,0.615,0.519,10.345,103-112,0.479,46-61,0.43,22-29,0.431,0.506,10.498,300-256,0.54,176-147,0.545,102-79,0.564,0.514,-0.0225,0.313,50-33,0.602,41-27,0.603,12-20,0.375,53-47,0.53
total,blend_all,10.75,116-109,0.516,61-55,0.526,26-23,0.531,0.502,10.568,143-119,0.546,82-57,0.59,36-24,0.6,0.531,10.291,104-108,0.491,44-43,0.506,15-21,0.417,0.515,10.449,247-227,0.521,126-100,0.558,51-45,0.531,0.524,0.0256,0.921,15-10,0.6,16-9,0.64,5-9,0.357,21-18,0.538
